Base	Curvature
0	-0.00227592768751263
0.0712269450590322	-0.00069532611473218
0.218551281859571	0.000851349488426107
0.366347453911906	0.000775970408553961
0.514592343303193	-0.000878961286070508
0.663297832157724	-0.00251555807559573
0.812434533778317	-0.00298619879793197
0.962010873956028	-0.00343796429082896
1.1119569209604	-0.00366879820380276
1.26223497381131	-0.00368253754851661
1.41284766934021	-0.00370974764463905
1.56356568927199	-0.00367786192318703
1.71448607383302	-0.003659616862506
1.86549452109776	-0.0023957364157533
2.0165811892675	8.34644176211564E-05
2.16774431702644	0.00257187678756754
2.31891683137974	0.0020171073705399
2.47012339466415	0.0014761059884643
2.62133721530373	0.00119207135265115
2.77254480821789	0.00117862947974436
2.92375698857832	0.00115158616076982
3.07496624953099	0.000313243272559067
3.22617587043723	-0.000511577956164414
3.37738640343918	-0.00129583420642609
3.52860377092506	-0.00203938897979185
3.67982579935971	-0.00278284422645252
3.83105470308146	-0.00209319180357016
3.98229000569939	-0.00141714971752472
4.13353138289762	-0.000957472274702755
4.28478406080132	-0.000714068261545593
4.43603978012968	-0.000484275302405095
4.58730884000607	0.000218445426325764
4.73857994769504	0.000921039728364689
4.88985268354514	0.00151555496578416
5.04112130652821	0.00200211047322523
5.19238546497325	0.00250224460713195
5.3436272671658	0.00108361520157742
5.49485041149326	-0.000335796382829902
5.64606587752705	-0.000592787260845648
5.79727302660695	0.000313285207466154
5.94847391846285	0.00121935767577795
6.09969047896542	0.000745886453192492
6.25091494369136	0.000272605307402161
6.40215533438815	0.000380673200106422
6.55341654465968	0.00109669195760226
6.70469538158451	0.00179881944015901
6.85599944015864	0.00251390753003325
7.00732013277572	0.00321523330056993
7.15866804111767	0.00352455386538135
7.31003782738558	0.00344243016293048
7.46143226089146	0.00334687471941519
7.6128313286523	0.00109456718955644
7.76425279857565	-0.0011573619150646
7.91568868647239	-0.00131890220327544
8.06714305971503	0.000581766954702183
8.21861457991744	0.00249489415793826
8.37009603809097	0.00122819080745881
8.52159371751777	-3.81741007992074E-05
8.67308186259308	-0.00180301400136504
8.82455126217499	-0.00406794403042629
8.97600352084413	-0.00634817341003019
9.12742610096619	-0.00385539606752717
9.27882264851431	-0.00136052702456796
9.43018973364872	-0.000321693126500291
9.58153574800252	-0.000740306110333741
9.73285828738163	-0.00115914309709234
9.88415960391292	-0.000524572839163925
10.035439260166	9.68254219422475E-05
10.1866971515053	0.000245519933235803
10.3379281173514	-9.23941437790378E-05
10.4891350850407	-0.000417010066907141
10.6403208973918	-0.000620041693443149
10.7914775904501	-0.000809704655963041
10.9426429623515	-0.000823182063469339
11.0938195851053	-0.000647054368749907
11.2450127224456	-0.000457521939611769
11.3962438149191	-0.000241047956771696
11.547507321255	-3.8286554153442E-05
11.6988028910818	0.000461394599376844
11.8501218765737	0.00124432154602824
12.0014718227197	0.00202669414638956
12.1528296371573	0.000326109808211926
12.304201915374	-0.0013741116396614
12.4555782228544	-0.0018868702625614
12.6069364828611	-0.00119901486182919
12.7582897040897	-0.000510757188133723
12.9096245453922	-0.000726902466890156
13.0609438677748	-0.000956639871112707
13.212252697915	-0.00042998741156643
13.363547421402	0.000866818895545734
13.5148352208253	0.00216382749024752
13.6661139694687	0.00135332390043792
13.8173869472529	0.000529200140065496
13.9686707102631	1.57530542981154E-05
14.119978904283	-0.000200324960014739
14.2713035746097	-0.000402757463823472
14.4226317445367	-0.00113175560291767
14.5739747222277	-0.00186075374201186
14.7253029722378	-0.00207716990949638
14.8766081779622	-0.00176731754670875
15.0278901304297	-0.00147072972388479
15.1791681100881	-0.00201140502959424
15.3304236054873	-0.00255232347493852
15.4816724097226	-0.00198490740590016
15.6329106271385	-0.000295191888704175
15.7841316525126	0.00140859196640424
15.9353598358469	0.00132736773410433
16.0865763409946	0.00124623777718071
16.23779460629	0.00132736773410433
16.3890117516611	0.00158427926436246
16.5402329944382	0.00184106757004556
16.6914834946523	0.000610433753786474
16.8427533225607	-0.000619212345007684
16.9940504353146	-0.000416424505961981
17.1453602037856	0.00119055692820475
17.296692279436	0.00281042228166083
17.4480152286692	0.00146043311046567
17.5993380901676	0.000123774300200141
17.7506580225419	0.000326349791337745
17.901973798337	0.00206842781504212
18.0532841928086	0.00381050583874649
18.2045769007439	0.00212287169696187
18.3558611959828	0.000448069921910574
18.5071241345655	-0.000335594200737147
18.65836293163	-0.000214044139776781
18.8095775114981	-0.000105935261666723
18.9607698901737	0.000867921736918478
19.1119366851617	0.00184230037272299
19.263085766685	0.00216745108082159
19.4142146832188	0.00181597015924215
19.5653263711185	0.00147788591848468
19.7164419509722	0.00215463983345259
19.8675501539538	0.00283130310791596
20.0186720273812	0.00361567346090383
20.1698123319809	0.00453442861930385
20.3209758424443	0.00543868021478217
20.4721532917467	0.00714072542521751
20.6233516157367	0.0088418593426909
20.7745603660597	0.00836711147672809
20.9257786721591	0.00573120846748583
21.0770029509914	0.00309621787208554
21.2281948536953	0.00392195122214866
21.3793754180071	0.0047345090392623
21.5305277865655	0.00572305614092772
21.6816619649911	0.00690060053301833
21.832774478673	0.00806493221332103
21.9838598093002	0.00827006659465968
22.1349232364899	0.00847531058623651
22.2859706241339	0.0078131299471099
22.4370138082735	0.00628302165976412
22.5880457216165	0.00475343657600396
22.7391191563968	0.00655023508061852
22.8902032383956	0.00834566757355072
23.0413106605087	0.00960005304499856
23.1924328631582	0.010341468968471
23.3435693984499	0.0110690744616309
23.494703147783	0.012541110277927
23.6458386009353	0.0140129491053512
23.7969757447825	0.0141191462619002
23.9481127319252	0.0128745957730916
24.0992585067161	0.0116160957434064
24.2503877908994	0.0132375188482226
24.401507703136	0.0148736600485529
24.5525994781036	0.01476955424033
24.7036562163238	0.0129372773661093
24.8546736981791	0.0111042707389657
25.0056535553427	0.0129079550460649
25.1565893404835	0.0147130878785271
25.3074893181446	0.0145420214522526
25.4583575397195	0.0123928047064882
25.6091899427832	0.0102295756132124
25.7600026239239	0.0104484133834681
25.9107873960691	0.010653787355256
26.0615439394214	0.01125307241573
26.2122798013704	0.0122586220611793
26.3629890435412	0.0132645758895455
26.5137073887389	0.0122586220611793
26.6644192656669	0.0112395172088128
26.815146338747	0.0111822987472074
26.9658854231671	0.0121005624318256
27.1166441416236	0.0130174616599008
27.2674085329369	0.0139356127338996
27.4181862410452	0.0148533946307776
27.5689773826467	0.0147546761178016
27.7197745236227	0.0136556513653968
27.8705891195459	0.0125426991340982
28.0214158985279	0.0123905729701405
28.1722576858995	0.0122385278028852
28.3231036928997	0.0123044844990984
28.4739538062319	0.0126010579692687
28.6248052092103	0.0129111088555188
28.7756366148251	0.00724888422251092
28.9264671909425	0.00158427926436246
29.0770988186943	0.0036076939483681
29.227447954127	0.0133734414058546
29.3774988363824	0.0232439037944892
29.5274872093837	0.022917339191253
29.6772511232002	0.0225903292592206
29.8270148620556	0.0223407546100759
29.9768164293007	0.0221676925023854
30.1266533285276	0.0220086368499912
30.2764399588263	0.0265044049891494
30.4262284014168	0.0310064960718342
30.5759999728472	0.0312001496508264
30.7257729680064	0.0270842233578506
30.8755493893861	0.0229579460528245
31.0253182130461	0.0175710870156104
31.1750926171205	0.0121850480371518
31.3249082226011	0.0110442291319479
31.4747745541238	0.0141320970424154
31.6247011843247	0.0172262144330304
31.774709866528	0.0170703298722871
31.9248007480432	0.0169147898307593
32.0749005847608	0.0180676791635504
32.2249706953021	0.020531464160573
32.3750102352745	0.0229852627734433
32.5250583509111	0.0199159402706785
32.6750784928241	0.0168614723066963
32.8250926304795	0.0160988585533914
32.9750975771853	0.0176400737867799
33.1250955758146	0.0191667936712542
33.2750784344376	0.0197401952807725
33.4250433699453	0.0203150386205721
33.5750203486033	0.019888698576154
33.7250045732942	0.018438695153542
33.8750101242389	0.01698852340093
34.0250345681671	0.0164385721525453
34.1750835619689	0.0158889890854075
34.3251759070649	0.0164231316964944
34.4753111715458	0.0180546078288084
34.6254943602214	0.0196700996725838
34.7757048140093	0.0169486012334231
34.9259515246228	0.0142166805397647
35.0762292778022	0.0137771104954989
35.2265322010477	0.015614709724339
35.3768625448462	0.0174643777551455
35.5272203650332	0.0175927758719321
35.6776111189355	0.0177198827643608
35.8280263824264	0.0192957529524107
35.9784654800476	0.0223324833633612
36.1289278001944	0.0253536596960639
36.2793347911559	0.0272359268883375
36.4297294178614	0.0291185087066968
36.5800714706923	0.0290393106856601
36.7303643501693	0.0269951769703223
36.8806141082428	0.0249471748550968
37.0308027314469	0.0215045431432128
37.180947236686	0.018069651028951
37.3308642148699	0.0175205206210362
37.4804802210397	0.0198883860970569
37.6297895895197	0.0222787649773806
37.7785775715235	0.0161579367939122
37.926907329548	0.0099573687617593
38.0744874793941	0.00798587643402797
38.2211900465112	0.0103210785581316
38.3670258531708	0.0127140101185049
38.5127198049124	0.00895407628742918
38.6578517472292	0.00518058147006012
38.802718701114	0.00220844297542921
38.947247934278	4.61865856669876E-05
39.0914452274855	-0.00215309592105328
39.2353075517476	0.00169605540871834
39.3788019118424	0.00557867440285943
39.5219605756627	0.0060634837122263
39.6647731808288	0.0030764833271641
39.8072509763936	6.24433961454651E-05
39.9493270263402	-0.00414096293496826
40.091034346882	-0.00838849560318842
40.2323758797872	-0.00908348485210293
40.3733674349344	-0.00617327870490474
40.5140139332534	-0.00323698692164761
40.6542801295714	-0.00285202285153798
40.7941983572882	-0.00246297362696887
40.9337475112496	-0.00521753251761492
41.0729285232	-0.0111621665835161
41.2117450831037	-0.0171651827150526
41.3502790442017	-0.0212590951823607
41.4884907095794	-0.0253685070762113
41.6263831239895	-0.0270240259792967
41.7639265480504	-0.026151585889654
41.9011210087435	-0.0252879355842481
42.0379564473737	-0.0278553634048438
42.1744254937085	-0.0304481271553954
42.3104749456547	-0.033534561133418
42.4460760706845	-0.0371140576993483
42.5812301110981	-0.0407406152180561
42.7160431647772	-0.0410872657603133
42.8504535647014	-0.0414337137418762
42.9845370255035	-0.0409200136468305
43.1183124736732	-0.0395116690174423
43.2517690590132	-0.0381104851071316
43.384895002979	-0.0430958920896305
43.517697638024	-0.0481325832231951
43.6501465243056	-0.0527010757018629
43.7822300910442	-0.056780568105027
43.9139558942886	-0.0609172927902076
44.0452708747322	-0.0536211499817837
44.1761945740714	-0.0462357364311776
44.3066867483081	-0.0456267962092253
44.436744808403	-0.051955648946931
44.5663691631905	-0.0583675797485321
44.695587345184	-0.064400280162509
44.8243865774713	-0.0705068661819165
44.952769886295	-0.0752796394760221
45.0807264287995	-0.0786831707127354
45.2082672035897	-0.0821435473167506
45.3353318921448	-0.0831321070032817
45.4619439117459	-0.0841398573149923
45.5880952582083	-0.086701803680118
45.7137868916462	-0.0908589401017368
45.8390253562187	-0.0950755380654423
45.9639540970486	-0.0923360380973226
46.0885082226416	-0.0895584665379546
46.2126788374724	-0.0862997939898035
46.3364405079022	-0.0825254185073369
46.4597813103081	-0.0787184447420703
46.5826227280561	-0.0851308262441092
46.7049945066232	-0.0916689211155433
46.8269047389375	-0.0933987487319159
46.9483634567252	-0.090188968922353
47.0693776941584	-0.0869409878012831
47.189974520818	-0.0930839635556304
47.3101570539442	-0.0993158848656052
47.4298855287793	-0.102100002432095
47.5491310964183	-0.10138555367703
47.6679027903542	-0.100623741257752
47.7862105266097	-0.107854147785275
47.9040482080339	-0.115205545545035
48.0215025222396	-0.120036974673183
48.1386151294605	-0.122288057190225
48.255381665895	-0.124576800864177
48.3717478680389	-0.122252781403291
48.4877512067076	-0.119897021263581
48.6033218094441	-0.118145682384834
48.7184439810592	-0.117035103602965
48.8331181875288	-0.115898915453233
48.9473419627067	-0.114574781094487
49.0611099309598	-0.113221525110594
49.1744828122123	-0.113322462423938
49.2875011786389	-0.114894545033554
49.4001622636843	-0.116486542724107
49.5125176002255	-0.107309319432915
49.6245455863956	-0.0980029927530426
49.7363625653668	-0.0920515445536123
49.8480208135711	-0.0895902024574981
49.9595183381819	-0.0870872669518056
50.071056638786	-0.0777984329217461
50.1825486336197	-0.0685227449632164
50.294177041379	-0.0649957297379382
50.4059983997991	-0.0671911335522751
50.5180154831392	-0.0693731165989203
50.6302534318732	-0.0567580043132272
50.7427075230417	-0.0442357295666097
50.8554296029628	-0.0395920954500358
50.9684662656894	-0.0427451171433052
51.0818158083383	-0.0458903094126516
51.1954785756683	-0.0358167833736643
51.3094573968434	-0.0258104099684006
51.4237421420607	-0.0139455747142835
51.5383151957996	-0.000211063069003128
51.6531671262272	0.0133896939166762
51.7682300428924	0.0189284651454798
51.883524836759	0.0244508223349861
51.9989849891396	0.0286542689615027
52.1145939367522	0.0315552096239001
52.2303458850012	0.0344402203876024
52.3461364133905	0.0290496812158147
52.4620198076083	0.023694781295118
52.5779186252768	0.0206244400245724
52.6938283793912	0.0198261123157018
52.8097391860707	0.0190298772335432
52.925637540323	0.0140868462968415
53.0415314853207	0.00912049917647607
53.1574147093727	0.00497065534021279
53.2732881231148	0.00161311333304276
53.389155354712	-0.00176893585827372
53.5050137868475	-0.00183923851207578
53.6208580836838	-0.0018863970823035
53.7366962504366	-0.00181670647679252
53.8525173396779	-0.00165375716126397
53.9683319240546	-0.00146723960747029
54.084127602079	5.05926228294946E-05
54.199913517116	0.00156908812260877
54.3156781948981	0.00222379229495927
54.4314272219858	0.00203739004976836
54.5471635179903	0.0018273486240797
54.6628773997514	0.00332440433589932
54.7785726258185	0.00484564086615806
54.8942414186668	0.00456656709256664
55.0098940373918	0.00253157755660666
55.1255218626109	0.000518968936567441
55.2411437333355	-0.00198655022740532
55.3567542264744	-0.00446953119922408
55.472350436093	-0.00175315300457585
55.5879211720022	0.00619086190317197
55.7034579499977	0.0141404781994874
55.8189652474973	0.0175429149519547
55.9344395062205	0.0209212550035044
56.0498866387553	0.023008301154969
56.1653166093055	0.023824849579881
56.2807259477154	0.0246176681349757
56.3961273974701	0.0228066279897528
56.5115255846153	0.0210181217826417
56.6269107952164	0.020054071446379
56.7422913020392	0.0199100248743775
56.8576564982958	0.0197911866596311
56.9730145823561	0.0197174623708898
57.088365673482	0.0196420339680208
57.2037165424777	0.0183482068190592
57.3190752138716	0.0158376084928761
57.4344443110926	0.0133292175975909
57.549804011476	0.0142864493731027
57.6651695084369	0.0152421713356479
57.7803918709721	0.0160458925062886
57.8954057133768	0.0166783891074288
58.0102104331944	0.0173161178200875
58.1246860723158	0.0162420447932169
58.2388607475785	0.0151327868924523
58.3534170629401	0.0123322878500932
58.4687091190838	0.00796749889336144
58.584745752548	0.0037319020792951
58.7010452585802	0.00735932581369251
58.8180212948869	0.0109779836431556
58.9352695336076	0.012913907793216
59.0527976795435	0.0132559034080686
59.1706054195422	0.0135721036403792
59.289024987487	0.00717496682268835
59.4079035517681	0.000902246482695636
59.5273148685873	0.000894683070444968
59.6472256732302	0.00703728974472448
59.7676159492858	0.0130707146198096
59.8884965829382	0.0127563628360381
60.009843619695	0.0124464939437111
60.1316521321227	0.012125152869488
60.2539143899519	0.0118120844830426
60.376627960797	0.0115030657450489
60.4998217252175	0.0146328875113749
60.6234708028999	0.0177355378046286
60.7475701691842	0.0175086137712163
60.8720993641735	0.0140046195300351
60.997072768343	0.0105648063522013
61.1224802433631	0.00988031462475601
61.2483198161101	0.00920474088895398
61.3745965926317	0.00947540355593677
61.5013038477774	0.0107131496753208
61.6284483301554	0.0119335442470081
61.7561069971619	0.0104063749906624
61.8842437167701	0.00890253181804579
62.0128236850034	0.00895663215317365
62.1418129236878	0.0105373325719298
62.2712068622792	0.0121189193602747
62.4011115841195	0.0109541579455048
62.5314581591065	0.0098249976628978
62.6622759684143	0.00791572271501326
62.7935518220508	0.00523864171702162
62.925285824027	0.0026132555866544
63.05748504861	0.0034362164360687
63.1901350936163	0.00426591517825064
63.3232267842416	0.00531552131741659
63.4567479369223	0.00659933039567155
63.5907024993521	0.00784961405363275
63.7250764243332	0.0083220502165609
63.8598718860749	0.00878864115822413
63.9951158936716	0.00869824260141154
64.1308226028444	0.00804453691559734
64.2669981515236	0.00739886706120318
64.4035943685882	0.00720372486461588
64.5406384261752	0.00701129100698825
64.678108491206	0.00715224143468437
64.8159986251759	0.00762120880653598
64.9543110179054	0.00806813724547972
65.093041179286	0.00727165736146399
65.2321926910964	0.00648424932241605
65.3718020270102	0.0051715041635208
65.5118900362782	0.00337727459583681
65.6524641780426	0.00160698020075867
65.7934697772303	0.00241874514609085
65.9349436679189	0.00320531292691584
66.0768460634842	0.00254691612808678
66.219182094391	0.000437135180721714
66.3619460898365	-0.00164870390880094
66.5051354835479	-0.00174697385767482
66.6487450221436	-0.00185952380246979
66.7927746774577	-0.00183420435407792
66.9372269692095	-0.00168823735998711
67.0820936361979	-0.00152894113084808
67.2273908486445	-0.00152045791723057
67.3731051038981	-0.00149730198219089
67.5192760146087	-0.00080946346549327
67.6659100333762	0.000530578568019019
67.813002924108	0.001868793978738
67.9605121160172	0.00149624983995509
68.1084595927055	0.00114214536937791
68.2568189004081	0.00064820976661632
68.4055934657009	3.09219430302162E-05
68.5547759622501	-0.000594104519203841
68.704364969067	0.000595751763692004
68.8543644390219	0.00177333089269652
69.0048165448577	0.00251770513358466
69.155747761092	0.00286269979068484
69.307157748251	0.00318946823549178
69.4589029208813	0.00400024991652022
69.6110658031841	0.00480413269589052
69.7634595858806	0.00533553690208833
69.9160273567605	0.00559930134271011
70.0687821458651	0.00587501705009794
70.2215852603131	0.00460734056275793
70.3744786747847	0.00335533167093693
70.527409470782	0.00251248885696597
70.6803565735019	0.00210514127831721
70.8333258717696	0.00169790290385406
70.9862978559786	0.00221323230465979
71.1392799878725	0.00272830972437665
71.2922612657496	0.00290442723362516
71.4452526784698	0.00274132091413433
71.5982490159139	0.00259181622484146
71.7512634504698	0.00284865322737926
71.9042956697641	0.00310514442462141
72.0573321105228	0.0031724680948588
72.210367512895	0.00306428984055456
72.3634020258495	0.00294254732480624
72.5164388439027	0.00253588466959378
72.6694784795967	0.00211558681670915
72.8225083067067	0.0014112355245922
72.9755295118002	0.000435871238624624
73.1285405852087	-0.000539885241222805
73.281572195149	0.000855884543844871
73.4345983835141	0.00223751013396063
73.5876401539363	0.00271111146632599
73.7406899603702	0.00226384583526029
73.8937510605258	0.00180315931727026
74.0468154298562	0.00174887944215497
74.1998804541762	0.00168118055341505
74.3529463476236	0.00150516344269126
74.5060053810943	0.00120736919413221
74.6590660076211	0.00090947413256319
74.8121157795969	0.00227723579871054
74.9651584499254	0.00363163819665857
75.1181960296271	0.00420042313902221
75.2712314821127	0.00398347633737182
75.4242650895177	0.00375301790208568
75.5772620383513	0.00355133463575395
75.730236072165	0.00333616084496081
75.8831821634382	0.00303902431794933
76.0360926807206	0.00266031901374697
76.1889788872526	0.00226764149516647
76.3418585372577	0.00320364060946543
76.4947224131904	0.00413963972376439
76.6475757169891	0.00430271061701905
76.8004272940871	0.00367866937395523
76.9532671087219	0.00305483292301586
77.1061325162775	0.00339287108904173
77.2590042469952	0.00371712461813184
77.4118876209737	0.0037841534043752
77.5647774910749	0.00358058535118993
77.7176741028204	0.00337704457059493
77.8704598397014	0.00249942272225071
78.0231869599936	0.00161955023163629
78.1756509853904	0.00118855239712194
78.327773470101	0.00122214009545227
78.4795490457252	0.00124236782136319
78.6305154006093	0.00192318488547066
78.7808681412957	0.00263179582685143
78.9305512653741	0.00324959320855794
79.0796371788442	0.0038137494733628
79.2281249035054	0.00437102673028571
79.3762482863004	0.00743703739090079
79.5239201184263	0.0105165845822356
79.6712612289641	0.0108946464692392
79.8183041087447	0.00850690450972472
79.9650406951092	0.00610286503208241
80.1112870164352	0.00643646815695565
80.2571450444952	0.00678901841918041
80.4025958343736	0.00728714976818368
80.5476765303997	0.00793205822451573
80.6923943849341	0.00859672805887782
80.8367069478875	0.00785450260243142
80.9806582084907	0.00710446005016437
81.124219015576	0.00677357126649402
81.2673892987997	0.00686888153880498
81.4101770650149	0.00696456430863197
81.5525926748294	0.00738583034539593
81.6946329736119	0.0078266626667254
81.8363145091689	0.00751885233137867
81.9776384905947	0.00643670994551739
82.1186034067044	0.0053448393344038
82.2591597624152	0.00618443127693594
82.3993255382601	0.00703363072774687
82.5391143856165	0.00702089551663781
82.6785327248336	0.00611794135624137
82.8175868737694	0.00522264100996146
82.9562785982506	0.00607876916896659
83.0946177855156	0.00695902428884672
83.2325958661117	0.00745295263995204
83.3702262359734	0.00757034816614916
83.5074980243373	0.00767272913542055
83.6444355703242	0.00764084964057171
83.7810281377286	0.00762535374520048
83.9172894341599	0.00742396063690646
84.053222555542	0.00706801802132682
84.1888224897459	0.00670935247787112
84.3240241237903	0.00703645949737298
84.4588649156926	0.00734935104654381
84.5933347796687	0.00681731558005306
84.7274513325052	0.00544541567183636
84.861221370123	0.00404278191585819
84.9946550794141	0.00462139500924116
85.1277599808243	0.00520495994806921
85.2605382771158	0.00572277953248907
85.3929949666152	0.00613836146349026
85.5251296300951	0.00657540537399916
85.6569457475547	0.00579969834369366
85.7884441097592	0.00501697464117174
85.9196178914102	0.00648416343423112
86.0504715404073	0.0102309473909943
86.180996024247	0.0140114675494395
86.3111710512891	0.0155069487349638
86.4410060416684	0.0169983657414813
86.5704833706019	0.0186164410239094
86.6995933514378	0.0203835480565354
86.8283317112249	0.0221702472015846
86.9567437130036	0.023001579847084
87.0848017614985	0.0238213405707231
87.2125324363244	0.0214304012690433
87.3399410748736	0.0157851119765904
87.4670329947278	0.0100883500994244
87.5937930802599	0.0148375819393639
87.720211601848	0.0196539669431607
87.8463026676313	0.0220896619892348
87.9720583100776	0.0221130312411156
88.0974893896791	0.0221541518845638
88.2225350129459	0.0239842117383703
88.3472260164965	0.0258535790042032
88.4715832319408	0.0239698549031128
88.5956252797929	0.0182671531548062
88.7193625433286	0.0125368435363631
88.8427591611767	0.0196804984335107
88.9658387206899	0.0268920464009583
89.0885845197673	0.0277897790932696
89.2110094710204	0.0222841760311589
89.3331129224157	0.0167502029610078
89.4548991165075	0.0214405654537937
89.5763561563083	0.0261764558048757
89.6974957699424	0.0285200195929735
89.8183155188916	0.0284394661191765
89.9388183323015	0.0283578977571777
90.0589831487524	0.0245356393659681
90.1788266822364	0.020654027216747
90.2983171618537	0.0234655989404585
90.4174336947708	0.0330375546093024
90.5361771099026	0.0427339191987965
90.6545653097218	0.0375422464699944
90.7725863578181	0.0323215624656554
90.8902771362365	0.0337678928188178
91.0076236603947	0.0420100624623939
91.1246282231569	0.0503308625589424
91.2412502018176	0.0511620153534471
91.357511068061	0.052001564684825
91.4734048856884	0.0536208060159568
91.5889440264112	0.0560485876345542
91.7041192969752	0.0584821371640966
91.818913717856	0.0565074706295111
91.933342697518	0.0545098484595471
92.0474074065399	0.0536724673474199
92.1611054543462	0.0540474096730171
92.2744533435734	0.0543927442716301
92.3874337821578	0.0526738229365696
92.5000618357968	0.050912065064975
92.6123950005296	0.0504717126573102
92.7244602351845	0.0513526595721278
92.8362601057415	0.0522392665076637
92.9479719016686	0.0497914104008882
93.0595245054796	0.0473387440280692
93.171023662543	0.047002285968681
93.2824849204573	0.0488092434349371
93.3939076885768	0.0505920510395572
93.5052869179994	0.0507247136651024
93.6166337606929	0.0508336039409114
93.7279436479345	0.0500557379578283
93.8392205507233	0.0483670037594891
93.9504657023349	0.0466779691373144
94.0616818621939	0.0472784159384261
94.1728637198076	0.0478593697476149
94.2840198500278	0.0476489004524698
94.3951403274975	0.0466074240168352
94.5062259843111	0.0455934972270933
94.6172976248732	0.0480715844584529
94.7283356324478	0.0505537257964884
94.8393480784069	0.0515845825979619
94.9503356122314	0.0511117502612555
95.0612961641116	0.0506627067301288
95.1722353074818	0.0512834076327084
95.2831559354018	0.0518994928879249
95.3940528511073	0.0525440095824727
95.5049208731367	0.0531979874814802
95.6157737336441	0.0538426188230139
95.7265899547147	0.0548790149638658
95.837385875158	0.055910805531086
95.948160156479	0.0535465265100342
96.0589260401123	0.0478064360345306
96.169677731502	0.042072128031306
96.2804190615302	0.0395413531349145
96.3911565167304	0.0369834137617397
96.5018960410843	0.0359950121791646
96.6126457898363	0.0365277051676854
96.7234112236413	0.0370804709048002
96.8342558821579	0.0329296308489126
96.9451541529265	0.0287674965097262
97.0561420363658	0.0261583700607502
97.1672280419795	0.025093303908554
97.2784098798954	0.0240083164325298
97.3896450802819	0.0218349336114979
97.5009585924632	0.0196893702468667
97.6123326239413	0.0157780193355736
97.723766030968	0.0101084241081689
97.835268436007	0.00445043735754268
97.946808008895	0.0125347398448999
98.05839885193	0.0206311252044272
98.170038198054	0.0211528082935335
98.2817279006777	0.014167667457192
98.3934724619515	0.00719605169575039
98.5052665347836	-0.00360104899022398
98.6171182841205	-0.0143810472409673
98.7289961630253	-0.0174857772269542
98.8409017234774	-0.012924032112273
98.9528202816377	-0.00834125266134908
99.0647378363208	-0.0064016308041234
99.1766619699448	-0.00443789707693857
99.2885841381274	-0.00275469673935157
99.4005120537782	-0.00130515936344619
99.5124372376132	0.000120759876328144
99.6243641538622	0.00362711866265848
99.7362837755728	0.00713410524397204
99.8481931220097	0.00823431027589371
99.9600871488593	0.00692675280840172
100.071966206607	0.00561850433598616
100.183834813919	-0.00132982206036395
100.295686695392	-0.00828132505805267
100.40754042624	-0.0171999735479474
100.519390886386	-0.0280397040698766
100.631252021116	-0.0389013285497222
100.743094606363	-0.0396210325782417
100.854935330459	-0.0403647962762166
100.966756025828	-0.0418395268814237
101.078554989593	-0.0440936836998104
101.19033326472	-0.0463271451246434
101.30210502801	-0.0472591677560148
101.413868276528	-0.0481875945235128
101.525618946996	-0.0509343312933776
101.63735639305	-0.0555267443636674
101.749088193361	-0.0600959945097351
101.860744891685	-0.0531189407861215
101.97236209904	-0.0461167615672057
102.083908775252	-0.0486390151769916
102.195392771842	-0.0607025528875725
102.306825023473	-0.0727938047088654
102.418181298384	-0.0708520291034842
102.529475090973	-0.0689273688625574
102.640681452128	-0.0717771417807809
102.751801992115	-0.0794245600394876
102.862838640993	-0.0871045074077971
102.973775444713	-0.0850769441932017
103.084617930196	-0.0830157053312264
103.195356959388	-0.0841313516591013
103.305993202958	-0.0884713508951172
103.416530218238	-0.0928328643819427
103.526962289279	-0.094749110820666
103.637294569769	-0.0966750281645686
103.747513978047	-0.0949681217329852
103.857613242252	-0.0895724548062668
103.967590252591	-0.0841442292943185
104.077455604364	-0.090878608200635
104.187209362435	-0.0976504412419562
104.296882363947	-0.101502159951341
104.40648747297	-0.102408187939264
104.516032155798	-0.103308404774278
104.625568391978	-0.10217095867034
104.735077923008	-0.101005624954888
104.844594453484	-0.100916326073976
104.954114724393	-0.101925202480689
105.063646291279	-0.102936222517889
105.173190948068	-0.103423994426214
105.282745103038	-0.103922237684638
105.39231886596	-0.104687907546455
105.501914467864	-0.105696586158845
105.611534159585	-0.10670723718478
105.721211643169	-0.103312057553693
105.830923822053	-0.0998977364413742
105.940710685352	-0.0979034862667056
106.05057020922	-0.0972997391148172
106.160513829181	-0.0967123189426982
106.270542603862	-0.0996553176331626
106.380671178624	-0.10261410264346
106.490885607631	-0.10367993122696
106.60119450196	-0.102884400269785
106.711592928273	-0.10206356519318
106.822090965886	-0.100066913560972
106.932682417436	-0.0980454721956436
107.043382525033	-0.095981724203632
107.154190230438	-0.0938602563383883
107.26510173795	-0.0917738323857516
107.376202390059	-0.0899673696979759
107.487442758975	-0.0881747375161334
107.598882277362	-0.0874641878216289
107.710516801392	-0.0878463178938
107.822358354047	-0.088218817277867
107.934475824918	-0.0811782459737126
108.046832920602	-0.0741763503969038
108.159456899333	-0.0662343696187331
108.272341419556	-0.0573126722436064
108.385482705031	-0.0484456682994979
108.498824813107	-0.0536548474027494
108.612411404364	-0.058808960572155
108.726167688562	-0.0639156959381902
108.840078199067	-0.0690120705678366
108.954154403563	-0.0740683459678753
109.068397527478	-0.0698816926149641
109.182789856479	-0.0656834851840036
109.297428396991	-0.0511169090874556
109.412328210426	-0.0263269376102933
109.527464121115	-0.00176562857497057
109.642870282183	0.00378899804773151
109.758548462883	0.00929267470819371
109.874465098747	0.0151049171798057
109.990605120216	0.0212278235580887
110.106961545289	0.0273032085571342
110.223364571505	0.0205835753488222
110.339905192137	0.0139026484646223
110.456462971395	0.0085496130167378
110.57301555116	0.00455853655320296
110.689570173722	0.000564650179539876
110.806096784904	-0.0131835080446596
110.922621927688	-0.0269510368320267
111.039169252121	-0.0334178129544685
111.155745986071	-0.0325957833708524
111.272353963893	-0.031773898409891
111.388948541308	-0.0303471148948281
111.505549636486	-0.0288971666257089
111.622157590184	-0.0267994069990849
111.738780067686	-0.0240792120151535
111.855419325074	-0.0213571345575396
111.972031276025	-0.02045889225879
112.088649884909	-0.0195574916475396
112.205262485518	-0.020200442026177
112.321882438933	-0.0223892805554851
112.438512376426	-0.0246023930729404
112.555169315762	-0.0275895452234499
112.671854144627	-0.0305772244963188
112.788574239482	-0.0344822405436464
112.905324585413	-0.0392647463806353
113.022121774784	-0.0440694143381581
113.138914232073	-0.0435904798529889
113.255725768165	-0.0431342416208204
113.372544752984	-0.0422924117839102
113.489380662335	-0.0411081711929899
113.606224114438	-0.0399264093880832
113.72311642873	-0.0339055428017052
113.840028891081	-0.0278857406865704
113.95697615042	-0.0243678847517653
114.07396234618	-0.0233020691653993
114.190983566802	-0.0222602149123137
114.308045112786	-0.0243785444910393
114.425149575245	-0.0264725483504087
114.542326816936	-0.0244276911902857
114.65959088256	-0.0182543618396991
114.776931567227	-0.0120738483269216
114.894322646316	-0.0103990974330751
115.011783636132	-0.00874987990158141
115.129303018827	-0.00813324141969371
115.246886747321	-0.00859390633571529
115.364530016809	-0.00905447252154526
115.482241880109	-0.00984162896921463
115.600020622869	-0.0106273971098649
115.717838742617	-0.0101322650431091
115.835680636679	-0.00838062744864977
115.953544176624	-0.00665234502211654
116.071399047852	-0.00170134871788411
116.18924994411	0.00322774271396555
116.30707362866	0.00680382211071508
116.424875444397	0.00902611686831612
116.542647284489	0.0112495849552091
116.660410243249	0.0159928773157835
116.778145036745	0.020757871675184
116.895846084999	0.0187512128943634
117.013502604804	0.00999234938880183
117.131130714139	0.00122113774005231
117.248760916439	0.007095465023833
117.366364499056	0.0129665817985273
117.483954247881	0.0135269516815554
117.601538691448	0.00875410450027016
117.719120967193	0.00398125731898489
117.836668446898	0.00646411133047947
117.954186174746	0.00894994033943427
118.071663982172	0.0128900059508364
118.189095352569	0.0182617509949199
118.306468403093	0.0236393663518755
118.423808892892	0.024626348171273
118.541096863999	0.0255923076459454
118.65832244031	0.0315870210745522
118.775450938722	0.0425824464493123
118.892480070227	0.0535925403670336
119.009413815744	0.05046975041124
119.126256117968	0.0473394643957298
119.242998154003	0.0458661492467989
119.35962914888	0.0460326374636278
119.47615176576	0.0462230464471646
119.592610219428	0.0408310266046105
119.708986746644	0.0354361439517286
119.825294759195	0.0355698987009096
119.941522387335	0.0412396977132355
120.057663203092	0.0469165164494111
120.173720009607	0.0493265341787555
120.289679486317	0.0517432631166534
120.405550603448	0.0511787384891457
120.521324193858	0.0476366448724043
120.6370098918	0.0440895141428503
120.752556752842	0.0512245696837785
120.867965025027	0.0584127367983178
120.983231107111	0.0643668729060836
121.098336638116	0.0691675614004041
121.2132902652	0.0739735789241563
121.328089013688	0.0747521659109869
121.442735313472	0.0755325060809381
121.557233427178	0.0721469802607781
121.671586640712	0.0645868582888267
121.785806185866	0.057007794102649
121.89986332659	0.0666895462246671
122.013756439203	0.0764006479410567
122.12749915338	0.0820521409298505
122.241109428996	0.0836400601392829
122.354583717627	0.0852296716957088
122.467898203926	0.0829681388257041
122.581077491906	0.0807008676986299
122.694107433059	0.0794624974284901
122.806991674628	0.0792569762594537
122.919731192942	0.0790266892837474
123.032318403315	0.0792961594537162
123.144759205351	0.0795662449076357
123.257048444688	0.0801537445553731
123.369175290687	0.0810744345292652
123.481145087542	0.0820221326424357
123.593012431068	0.0821812982969005
123.704753774035	0.0823331870462099
123.816389366698	0.0847438515363555
123.927916022143	0.0893925067041862
124.039330719709	0.094046175518588
124.150596812275	0.0972868708431609
124.261728976975	0.100534527169529
124.372680634082	0.0998618824548284
124.483446112939	0.0952645953366206
124.594027700931	0.090647955426822
124.704422987754	0.0986041780722345
124.814613678052	0.106598759503215
124.924593418157	0.109985343144072
125.034348688304	0.108746275733808
125.143879415324	0.107510314454845
125.253180011857	0.113992126375589
125.362237110987	0.120492596995941
125.471068381688	0.121469067681096
125.579681732265	0.116880103144417
125.68808216236	0.112244539706544
125.796345810117	0.114290800347007
125.904438311313	0.116341493126008
126.012451330681	0.115222785335243
126.120410847932	0.110946197787412
126.228329140559	0.106690600498495
126.336291288581	0.102110859313184
126.444274257463	0.0975468551633044
126.55231589298	0.0949529305382614
126.660420563587	0.0943190153345168
126.768584531206	0.093695890014799
126.876929349377	0.0788917040417696
126.985411418146	0.0641636307939316
127.094052902259	0.0585767748506835
127.20285011817	0.0619996287622746
127.311802134922	0.0654218359418684
127.420982724001	0.0646231067342846
127.530352348647	0.0638306611962858
127.639917789802	0.0623044270145327
127.749656308692	0.0600066622310182
127.859566607215	0.0577515938025147
127.969632160393	0.0528039677810485
128.079852531399	0.0478843703915768
128.190218968661	0.0432885363912538
128.300733295593	0.0390319874930481
128.411389151438	0.0347764443843045
128.522226542418	0.0288552500360095
128.633220614184	0.0229964160046894
128.744383377915	0.0197811349451806
128.855706992501	0.0192089780640782
128.967197084892	0.0186616937425044
129.078800335102	0.00879742435213019
129.19055241314	-0.00102853901697199
129.302401049608	-0.00618090087986816
129.41433564445	-0.00671203802034665
129.526361769459	-0.00724131903144407
129.638420725176	-0.0250161080036449
129.750545807318	-0.0427752642471523
129.862691333488	-0.0574864318689724
129.97485953362	-0.0692035719033743
130.087044957303	-0.0809106502341435
130.199222943942	-0.0839137486774914
130.31140404012	-0.0868976598868211
130.423534180206	-0.0837398107549697
130.535577969427	-0.0743735183746641
130.647548263329	-0.0649760331796673
130.759369917081	-0.0644047694484075
130.871070300218	-0.0638300050839819
130.982593825416	-0.0703211301634285
131.093934492698	-0.0839323251789138
131.205103146606	-0.097643466602542
131.316066039472	-0.0973563009965039
131.426840644864	-0.0970571763497306
131.537396782017	-0.0984867263676636
131.64773495684	-0.101636096361408
131.757855862327	-0.104814443339809
131.867749517039	-0.108007228935507
131.977427656747	-0.111219940367464
132.086880897041	-0.119252364734894
132.196111492013	-0.132193065892956
132.30513328975	-0.145269174845401
132.413960613912	-0.14230399768448
132.522583206981	-0.139307656496573
132.631014103869	-0.139005986452148
132.739268310779	-0.141387703992616
132.847339334938	-0.143803988555795
132.955303143428	-0.137571329509489
133.063119235345	-0.131265520767243
133.170861188877	-0.129744090436065
133.278541821934	-0.133079265202878
133.386176710218	-0.136392565919545
133.493759580585	-0.139250098930184
133.601313917127	-0.142084065501569
133.70883253358	-0.146698989264164
133.816336900772	-0.153028353870995
133.923829923072	-0.159416931098907
134.031374536473	-0.154709450118945
134.138939013719	-0.149986742337334
134.246600689447	-0.146828172077215
134.354389838642	-0.145284964753761
134.462304280337	-0.143742334125959
134.570482813286	-0.124323957004488
134.678837255643	-0.10498300187334
134.78753339714	-0.0947935563209219
134.896627510614	-0.0936880181032794
135.006111472145	-0.0926028278405929
135.116069437998	-0.0895988845859187
135.226483058861	-0.0866317474499477
135.337434279583	-0.0744337585796011
135.448935634068	-0.0532483231223771
135.560972976783	-0.0324380621489686
135.673485760223	-0.0331165101173599
135.786531481844	-0.0338056352780911
135.900044489582	-0.0352028860904867
136.014027485742	-0.0373637958401895
136.128480397209	-0.039469610576702
136.243189948318	-0.0313391534643593
136.358246560593	-0.0232917527081544
136.473516353816	-0.0216185019957442
136.588988598351	-0.0262574816229806
136.704663304816	-0.0308752686136492
136.82047420463	-0.0270025039672806
136.936443818073	-0.023140677810882
137.052528729804	-0.0227983668974648
137.168743446826	-0.0259525637854667
137.285072879814	-0.0291024038112086
137.401488772179	-0.0232794263133699
137.517992433884	-0.0174667208685201
137.634552973819	-0.0163499809065654
137.751166571515	-0.0199431453855891
137.867837465578	-0.023510257809955
137.984583694907	-0.0182269945881041
138.101382876124	-0.0129295653862851
138.21825718967	-0.00890630496770143
138.335198005843	-0.00615638886399091
138.452212846184	-0.00341197655006485
138.569281514554	-0.00226356409837649
138.686413446934	-0.00114052539155111
138.803581739599	0.00565185057470061
138.92076088637	0.0180834484534383
139.037938894913	0.0305041205110245
139.155026159234	0.0403727976770868
139.272046147633	0.0502787087257888
139.388944170412	0.0627277663781454
139.505700435287	0.0777526808052209
139.622292779641	0.0927888014056704
139.738619215275	0.0885820512083815
139.854731081643	0.0843358106727216
139.97058480078	0.083150709400784
140.086173656949	0.0850362284578299
140.201493631459	0.0869632568637618
140.316507498424	0.0946889427853178
140.431215897254	0.10249944406916
140.545576583777	0.110427085098557
140.659563673116	0.118443741205388
140.7731785075	0.126541232833447
140.886383642696	0.122950770211526
140.999200757154	0.119325293433943
141.111558341316	0.119930729913077
141.223429149118	0.124853964991491
141.334807857921	0.129815054758901
141.445675629295	0.129440293739179
141.556037815669	0.129020766000591
141.665877741606	0.132056015338502
141.775197354873	0.138593427100089
141.883982769691	0.14523179828393
141.992344250746	0.145830556262621
142.100227548225	0.146459598661143
142.207669273925	0.151240867679168
142.314646555289	0.160276656234782
142.421166736702	0.169428804262773
142.527311332314	0.166731804083054
142.633042949246	0.164009857904917
142.738418142107	0.161515631754739
142.843444765278	0.159225989912839
142.948127855522	0.156915859287644
143.052539515781	0.163586461371615
143.156644401685	0.170268474275026
143.260494963123	0.175139117103312
143.364096561785	0.178169470140116
143.467460202104	0.181197044305885
143.570665300165	0.177426918462451
143.673685798363	0.173620578674789
143.776628786539	0.167084575431815
143.879534602829	0.157841332835072
143.982410598244	0.148619110460938
144.085361271888	0.137864504757645
144.18836094558	0.127158554756923
144.291518440366	0.11600401813113
144.39486382468	0.104438798763818
144.498407832308	0.0930040762858357
144.602347752528	0.0784468051673133
144.70661311667	0.0640935902931323
144.811381757076	0.0583601468323836
144.916709800606	0.0610373540355985
145.02259991222	0.0636481356796866
145.129343860207	0.0239435311509654
145.236844178132	-0.0146146025910279
145.345114871294	-0.040112223201877
145.454109186187	-0.0532212653726765
145.563836637157	-0.066014977155732
145.674184235186	-0.0733712904482159
145.785187845219	-0.0805564986087779
145.896721767711	-0.0952332814632031
146.008734117649	-0.117268415318952
146.121241344553	-0.139027912001164
146.23384554335	-0.115081249080901
146.346699939794	-0.0911802659366722
146.459518054333	-0.0814185612055463
146.572235479939	-0.0857989231445942
146.684858254301	-0.0902307024419787
146.797121412764	-0.103072351510186
146.909133023456	-0.116095277053461
147.020748332371	-0.123655433878965
147.131927445754	-0.125724602269108
147.242687417338	-0.127789728658176
147.352882227017	-0.146453045642439
147.462585810495	-0.165530707683826
147.571773571571	-0.179770184890871
147.680458663825	-0.18904015578503
147.788654788595	-0.198469700105997
147.896393953329	-0.202424623275708
148.003675968054	-0.20645082818874
148.110468935998	-0.204347017390482
148.216749160969	-0.195925328339726
148.322519268969	-0.187295156434393
148.42803639508	-0.189448085385937
148.533170841448	-0.19162706166346
148.638191404068	-0.189834513179963
148.743161474754	-0.184055374062005
148.848079003432	-0.178245690161721
148.95316394371	-0.173560266393576
149.058331368293	-0.168920490794499
149.163690250165	-0.167191078490914
149.269260626893	-0.168353321369973
149.375049079979	-0.169524179708176
149.480998397465	-0.171583102187826
149.587159092795	-0.173653416926283
149.693495553019	-0.175751335861253
149.800009873546	-0.177866263690873
149.906714944044	-0.179991990100121
150.01371406522	-0.17337686713428
150.120948620066	-0.166787886664249
150.228494141265	-0.162413166043991
150.336360998256	-0.160187015451198
150.444548728518	-0.157999793553281
150.55329702512	-0.125450601170362
150.662438606259	-0.0933754084634896
150.772157682033	-0.0769349746013839
150.88249382396	-0.0757592774650379
150.993443866842	-0.074602825051244
151.105020301254	-0.0706706218540564
151.217235357845	-0.0668020751646842
151.330184469467	-0.0540726258570249
151.44391210513	-0.0328086988660577
151.558391106231	-0.0121355180592036
151.673533462378	0.0122992886767292
151.789377072507	0.0361586148560555
151.905729192808	0.0440651611729329
152.022548174705	0.0364803376223757
152.13983475932	0.0290091862229552
152.25744652668	0.0222655351697532
152.375437347338	0.0156215592996041
152.493590097014	0.0215370562325552
152.611795910874	0.0399701242242179
152.730039986936	0.0583851499572694
152.848129878796	0.0531733745773703
152.966131356096	0.0479468992449591
153.083985165142	0.0415720913085183
153.201700634037	0.0340371391210688
153.319289724877	0.0264979607367662
153.43680658081	0.021864032298119
153.554238013704	0.0172220523567667
153.671617481529	0.0140478536654056
153.788957768616	0.0123903481541863
153.906258225761	0.0107082504778021
154.023521107403	0.0133129062429621
154.140737881067	0.0159442423303662
154.257909477233	0.0174287475942421
154.375032773379	0.0178118291889216
154.49210736732	0.0181717742320066
154.609149339336	0.0227509587286071
154.726137139737	0.0273098824485477
154.843088461625	0.0283219738162855
154.960001030496	0.0257648181830157
155.076886042242	0.0231816813532949
155.193717251161	0.0249282221346989
155.31050609774	0.0266759944152677
155.427251474424	0.0276678616159325
155.543963909154	0.0279239391772623
155.660635116115	0.0281589563237957
155.777280259511	0.0244691871232221
155.893901050885	0.0207559162079953
156.010504919643	0.0190386110743862
156.127105084783	0.0192668069353808
156.243695925052	0.0194948406054207
156.360290948806	0.0148634329219123
156.476900951667	0.0102343882088781
156.593498876439	0.0126735716813415
156.710065599182	0.0221816952079034
156.826590120242	0.0316948495986986
156.943050468323	0.0321550471758493
157.059451619626	0.0325921522341482
157.175789954283	0.0311491709164373
157.292069411538	0.0278000973912589
157.408293880799	0.0244715904071846
157.524447470857	0.0290066244226497
157.640535861656	0.0335442999828593
157.756546948477	0.0371912703784569
157.872475054947	0.0399496472616945
157.988319945664	0.0426878365243686
158.104093603036	0.0441663640644383
158.21978651593	0.045622323159371
158.335428341478	0.0457639952173746
158.451025907247	0.0446423848302887
158.566583361102	0.0434977683542231
158.682116617619	0.0365498239232471
158.797633410652	0.0296291497853246
158.913122852434	0.0298152098829427
159.028566237355	0.0371566774926783
159.143958427685	0.0444771477477258
159.259257295337	0.0462793661748944
159.374471887273	0.0480883794347062
159.489605102349	0.0481375588809247
159.604664408128	0.0464240705923195
159.719651858057	0.0447096704471155
159.834557090318	0.0470764005868064
159.949391324881	0.0494412610927473
160.064136520873	0.0515048388186723
160.178807289818	0.0532767369182213
160.293388649558	0.0550547670164387
160.407892606249	0.0515687774286525
160.522320339614	0.0480796912609312
160.636685580231	0.0454340835220268
160.750990359911	0.0436616486674967
160.865239377932	0.0418885842685692
160.979444399513	0.0437881145111871
161.093598364983	0.045687644753805
161.207706503538	0.0460912949303613
161.32177014023	0.044999065040856
161.435790561167	0.0439305792793834
161.549777987165	0.0447299449223387
161.663731903711	0.0455012556801191
161.777643839369	0.0461617031882475
161.891505438975	0.0467158116803749
162.005319155498	0.0472463761004112
162.119093866106	0.0466962167187516
162.232816883038	0.0461502470527529
162.346498402835	0.0470522838922291
162.460128429432	0.0494067085268696
162.573707811355	0.0517378085812394
162.68723973416	0.0515716144253954
162.800721993527	0.0514054202695513
162.914163036196	0.0513771216191338
163.027555033453	0.0514720812862309
163.140903612507	0.0515907808701022
163.254203488713	0.0488175398428366
163.367454713285	0.0460478906538645
163.480668181279	0.0462378605265219
163.593833338573	0.0494198558935332
163.706958584327	0.0525734418832948
163.820072705701	0.0476805190357836
163.933163962732	0.0427965864390188
164.046240756478	0.0395125823049612
164.159296600764	0.0378492003084274
164.272333090094	0.0361624025283321
164.385351014503	0.0354210990346292
164.498348439284	0.0347037597842897
164.611338436046	0.0354022722117161
164.724324830942	0.0375384383657836
164.837311488805	0.0396688171549099
164.95028893304	0.0349468246341785
165.063271874455	0.0302281730743755
165.176258594578	0.0291510360778729
165.289249848186	0.0317581202937366
165.402249143965	0.0343357825384206
165.515258850994	0.0315064443228028
165.628289406109	0.0286544845602431
165.741328110522	0.0277908389117729
165.854371534951	0.0288883335254576
165.967418957171	0.0299850509268997
166.080525315486	0.0217151415498899
166.193669956076	0.0134656315304719
166.306878488023	0.00819370505480459
166.420150006494	0.00584087335256442
166.53348627425	0.00351642629781356
166.646866950178	0.00545570513943713
166.760298660522	0.00739191136142023
166.873756669169	0.00801893206183397
166.987222623284	0.00734062870548429
167.100702411766	0.00668580805438721
167.214155907684	0.00626747247809766
167.32759691196	0.00584884192390469
167.441017605354	0.00549959626724362
167.554420899391	0.005219882970433
167.667807007637	0.00494007108477117
167.781193989869	-0.00116582817616377
167.894581014013	-0.00724833318705681
168.007969477305	-0.00909727981012525
168.121354881448	-0.0066886375904778
168.234730006462	-0.00425611703185436
168.348122511025	-0.00516806467439647
168.461516887231	-0.00605629273057023
168.574906769329	-0.00832740087236708
168.68829491587	-0.0119589985338773
168.801673322333	-0.0155945285178985
168.915051123444	-0.023987714553071
169.028429453862	-0.0323868168249068
169.141815101468	-0.0374859789107439
169.255209683977	-0.0393051624126579
169.368614849909	-0.0411256267884358
169.482015875317	-0.0358420901211259
169.595408756897	-0.0305791387347982
169.708796597878	-0.0309243543146873
169.822173535421	-0.0368930721709489
169.935555372179	-0.0428653783851731
170.048924650667	-0.0409884993700111
170.16228816377	-0.0391325179634285
170.275641391536	-0.0399382866230695
170.388976669927	-0.0434427325800503
170.502302558338	-0.0469297440067069
170.615620847425	-0.0423064663009172
170.728917082325	-0.0377036188010698
170.842224716046	-0.0356108503155588
170.95554432474	-0.036087331616658
171.068887269681	-0.0365606596314756
171.182271725568	-0.0386601225565162
171.295697029259	-0.0407588414725747
171.409172455118	-0.0387849240893012
171.522700935838	-0.0327155976544059
171.636274525444	-0.0266280061488985
171.74985935802	-0.0369204768823495
171.863494481307	-0.0472160553427175
171.977147553463	-0.052867067580648
172.090811732207	-0.0538514362923962
172.204490977628	-0.0548371872524381
172.318173998266	-0.0568013132870119
172.431865711806	-0.0587685570106541
172.545566423292	-0.0615225497383854
172.659279934746	-0.0650651748114203
172.773010131392	-0.068613441783241
172.886750810428	-0.0671984584868211
173.000503789569	-0.0657571067831769
173.114258346653	-0.0625539991975336
173.228012721314	-0.0575779814351002
173.341759654822	-0.0525921909253016
173.455518272934	-0.0552601315875727
173.569283473074	-0.0579079298694133
173.683076367422	-0.0597825150181795
173.796909235009	-0.0608762291697648
173.910780899155	-0.061970525838687
174.024689079937	-0.0619741720583145
174.138644986419	-0.0619962672217589
174.252650387633	-0.0607124196830744
174.366721812114	-0.0581122609645528
174.480851493108	-0.0555130280893424
174.595051427189	-0.0461718203596119
174.709311902316	-0.0368100324356565
174.823663377548	-0.0323950912984674
174.938130686251	-0.0328449283282624
175.052717157291	-0.033314175359428
175.167437272083	-0.0316151239261464
175.282292022214	-0.029921752068147
175.397296561107	-0.0239305302130729
175.512445243929	-0.0137225829165231
175.627729714445	-0.00353788096786498
175.74309791511	0.00226746355296571
175.858575837175	0.00805569866538405
175.974111320216	0.00896359109561059
176.08971131975	0.00505498649678016
176.205369308658	0.0011540601012432
176.321071158441	0.00176310650555526
176.436813486726	0.00239494472208445
176.552594008669	0.002018632222525
176.668400767668	0.000636144967592613
176.784240655041	-0.000745125210129305
176.900072961937	-0.00292245481486132
177.015918910441	-0.00510055151230963
177.131759680776	-0.0051248690740292
177.247598334411	-0.00299400523906305
177.363424440238	-0.000839416792055055
177.479239712291	-0.00240954018523976
177.595045866916	-0.00398049373484205
177.710839675978	-0.00348922729209288
177.82661837406	-0.000957554651736791
177.942384580331	0.00157531836513231
178.058149345544	-0.0011453562018348
178.173918308617	-0.00384223798295177
178.289687163181	-0.00236476048420512
178.405460452858	0.00333378743498254
178.521226570688	0.00903133088206538
178.636983817505	0.00319308769443437
178.752749312658	-0.00262250158155686
178.868504924288	-0.00327967849143831
178.984253839234	0.00120026450118485
179.09998578161	0.00568178749294477
179.215717643408	7.42827243984247E-05
179.331455569237	-0.00555619454014715
179.447203920165	-0.00708048946196699
179.562973344254	-0.0044988946490614
179.67875025126	-0.00191883374779227
179.794558389463	-0.00147267478217131
179.91038649904	-0.00102690864407817
180.026226171895	-0.000722227298302062
180.142074535291	-0.000558265526923519
180.257928715838	-0.000394303755544977
180.373777378293	0.000121015328817868
180.489622677058	0.00061299797640046
180.605454918768	0.00208928204160787
180.721274105637	0.00455037724018091
180.837069496856	0.00698951622939108
180.952853102897	0.00832642638843436
181.068620755378	0.0096861643119871
181.184369668206	0.00978080129464802
181.300106537802	0.00858582097207118
181.415829953871	0.00741407991087961
181.531534611851	0.00734502477439014
181.647228672017	0.00727530379366828
181.762907033956	0.00701790467926319
181.878567466894	0.00659681965182891
181.994213150563	0.00615211949683348
182.109848101888	0.00990675960344702
182.22546288407	0.0136613997100606
182.341055032278	0.0159625241881663
182.456620992266	0.0167868843923997
182.572154520053	0.0176130884515438
182.687672941996	0.0165565370475119
182.803166648181	0.01549998564348
182.918638683067	0.0151960998741235
183.034091260753	0.0156671014850163
183.149526599242	0.0161367627267838
183.264962430765	0.0172109108405715
183.38039494887	0.0182826882890168
183.495827337571	0.0178540313551107
183.611261673825	0.0159264142140442
183.726705434398	0.0139751402558063
183.842100180517	0.00814318166456267
183.957484424971	0.00228054902919557
184.072845259291	0.00176481739106529
184.188185701402	0.00655509520379153
184.303500672081	0.0113697011228445
184.418796729659	0.0128267823063448
184.534072383649	0.0142606333062441
184.649326668347	0.0152014624148402
184.764559164716	0.0156256477822924
184.879769455916	0.0160499079374722
184.994969179728	0.0152497861922962
185.110159196873	0.0144485309477105
185.225337793018	0.0135313363113085
185.340506015123	0.0125449607043593
185.455670293171	0.0115575656195515
185.570818746609	0.0126377864756165
185.685955659894	0.0137180073316816
185.801083626692	0.0138342023989082
185.916200825312	0.0130112201139826
186.031316205098	0.0121873080946408
186.14643660714	0.0134032682027309
186.261552717485	0.0146196588585576
186.376672860932	0.0144047061938479
186.491779867713	0.0127863739083244
186.606888906994	0.0111436052186214
186.721976017237	0.0135134507322552
186.837046852827	0.0159071701852665
186.952107022826	0.0157181352951424
187.067164788222	0.0129236806220148
187.182222985729	0.0101541445635053
187.297274096801	0.0122628161000824
187.412321360939	0.0143945535445398
187.527353361744	0.0150508052330891
187.642379013342	0.0142526722470137
187.757393757244	0.0134546798457879
187.872411416604	0.0131231427669089
187.987426979599	0.0127683593829746
188.102435762677	0.0120880842020035
188.217433452558	0.01103520190596
188.33242650799	0.0099812547915593
188.44742126413	0.0117347321024301
188.562405205226	0.0134884704365123
188.677275786743	0.0136986683220314
188.791969645553	0.0123362108396371
188.906496231088	0.0109864198559562
189.020765706443	0.0120499231877309
189.134793208912	0.0131218477477917
189.249012803984	0.0132674945759139
189.363647647292	0.0124924802240665
189.478698042302	0.0117331269326013
189.59415904589	0.0158041473037969
189.710139568623	0.0198418593036463
189.826552663435	0.020129533749766
189.943409706035	0.0167719634250291
190.060716724516	0.013464621252735
190.178611394528	0.0102974675528358
190.297034786713	0.00718956008129208
190.415957536271	0.00741564226185276
190.535335839811	0.0108967023599034
190.655157924865	0.0143330412164972
190.775385127545	0.012444687579913
190.896016644213	0.0105591503497615
191.017209736409	0.00935017841183864
191.139042654571	0.00880851880173525
191.261516183892	0.00827832163053592
191.384277688148	0.00947031992917142
191.507540848793	0.0106310682851755
191.631180089572	0.0116026219971777
191.755245611403	0.012403208320639
191.879733998797	0.0131917800755077
192.004667862875	0.0123865967002996
192.130061466428	0.0116118527944086
192.255906010509	0.0122361958611508
192.382212888958	0.014208889827529
192.508969291379	0.0161738378989978
192.636138553086	0.0152476167439763
192.763743184663	0.0143136309541753
192.891792459083	0.0130439659501279
193.02030951007	0.0114650429446161
193.149293325201	0.00988992197566144
193.27872292522	0.0120292784752745
193.408620340407	0.0141389589516266
193.538985911908	0.013711118292107
193.669830770962	0.0107816710528436
193.801160675264	0.00789388927169003
193.932964031805	0.00615799512777859
194.065253423055	0.00444558466647417
194.198013642477	0.00349785904649597
194.331236844683	0.00328207652390546
194.464931304461	0.00308622114965468
194.599040517256	0.00303338042777095
194.733591479528	0.00299832308340976
194.868580765898	0.00357866335904695
195.004028582872	0.00479580878382562
195.139928268388	0.00599688140106099
195.27632271992	0.00622367230364155
195.413198203402	0.00644719240211114
195.550508884766	0.00657361722906925
195.688230524399	0.00660456292662446
195.826354898771	0.00663557713667421
195.964966612758	0.00550135215187254
196.104010191137	0.00439821918163085
196.243539543273	0.00457776871185412
196.383558471891	0.00601422580085098
196.524057330717	0.00743200497644798
196.664930859774	0.00523522237405319
196.806235329794	0.00306048454774612
196.947969019675	0.00198269754014187
197.090164174128	0.00200077355046963
197.232818141838	0.00201857318355655
197.375942431054	0.00390230644500282
197.519543033588	0.00577770999182873
197.663584567025	0.00607622459660875
197.8080441709	0.0048564856356346
197.9529285582	0.00363474147524215
198.098294015743	0.00380492384022757
198.244102574839	0.00397289551239269
198.390349165449	0.00384748204873077
198.537012746717	0.00341889741780287
198.684088322999	0.00300939082548133
198.831593061523	0.00442293083631658
198.979503797162	0.00580647691515532
199.127855425041	0.00597335572892156
199.27666259849	0.00491539853285083
199.425923830679	0.00386990517088591
199.575601260095	0.0040459086336544
199.725718964123	0.00420602669816726
199.87627441307	0.00397434115312957
200.027279053431	0.00337133997953441
200.178733597338	0.00277525620709456
200.330440564544	0.00123385018437991
200.482501389879	-0.000297857085110295
200.634747432725	0.000818907186601045
200.78713926906	0.00459591420051367
200.939667109703	0.00834877044742515
201.09223745162	0.00291857565619913
201.244883518241	-0.00249240844363918
201.39756094879	-0.0061107381400069
201.550255662771	-0.0079134598523554
201.702972452619	-0.00970262726611481
201.855678625935	-0.00940695399277285
202.008390038706	-0.00911051113625724
202.161091590998	-0.00771531459021112
202.313788480866	-0.00523391662378026
202.466475092052	-0.00273828610964589
202.619152103967	-0.00101541027160762
202.771817497477	0.000707927689375783
202.924469778445	0.00198383598982016
203.077097188872	0.0028125117510717
203.229709550414	0.0036413878837298
203.382332254779	0.00269032663787115
203.534958334684	0.00172595882206856
203.687586269508	0.000721546731536432
203.840217295859	-0.000337058519944198
203.992849937279	-0.00138223235831507
204.145495158108	-0.00153133429486486
204.298145024779	-0.00166682647928418
204.450819164705	-0.00230398689106958
204.603513501891	-0.00342905475639771
204.75623473686	-0.00453996050488667
204.908975952657	-0.00323766074011383
205.061738305227	-0.00192233105715848
205.214513242071	-0.00152907780793173
205.367304097388	-0.00207086325282822
205.520108795519	-0.00259895555847636
205.672941720679	-0.00106768034076677
205.825792981241	0.000462569575095847
205.978653978997	0.000895693468452278
206.131528174567	0.000245898231825775
206.284410952658	-0.000417345227859616
206.437286694698	0.00139647108244183
206.590164058494	0.00321031534106008
206.743029496603	0.00326467856388297
206.89589040727	0.00155911370418687
207.048746111473	-0.000160218489537779
207.201573722327	-0.00364117133217
207.354396231542	-0.00713799461414984
207.507194246834	-0.00898424944089323
207.659968028095	-0.00919187508907834
207.81271783813	-0.00939969464603212
207.965479247224	-0.00980670535090297
208.118228479397	-0.0102144008392037
208.271008486525	-0.0100224338317155
208.423821046614	-0.00923193827176473
208.576667952034	-0.00845563179591886
208.729542197491	-0.00934833609398212
208.88245835602	-0.0102399953248638
209.035378480849	-0.0100645463302403
209.188290325804	-0.00883515215641328
209.341192425681	-0.00760476828047607
209.494083228094	-0.00854268113500304
209.64695848467	-0.00948109678700629
209.799829529046	-0.00991723605564274
209.952698998685	-0.00985070820561182
210.10556683294	-0.00978416242093685
210.258458314929	-0.0105971446902628
210.411358291767	-0.0114242445629962
210.56429050177	-0.0109606371598803
210.717255559447	-0.009234413819993
210.870245980685	-0.00750985003098423
211.023249607592	-0.00858107027524927
211.176275860789	-0.0096522905195143
211.329309179228	-0.0101411212053245
211.482341361848	-0.0100346535928245
211.635380405409	-0.00994104260438518
211.788402714599	-0.0104735959119432
211.941425168848	-0.0110193411538909
212.094442302234	-0.0109401015458347
212.247458691288	-0.0102626718388478
212.400473497013	-0.00957148051045765
212.553500223618	-0.00957148051045765
212.706533479147	-0.00955790074412753
212.859578523939	-0.00943568284715648
213.012624301133	-0.00920606174516035
213.165675933612	-0.00897637894187255
213.318754996147	-0.00896099206133919
213.471842624148	-0.00895979005033299
213.624965870658	-0.00901168760679768
213.778127616753	-0.00914376015785912
213.931322639177	-0.00926278237663231
214.08452126195	-0.00923689036408378
214.237739663716	-0.00922456016694233
214.390959486775	-0.00961934645386258
214.544181804604	-0.0104485579923094
214.697402320329	-0.0112923234340857
214.850621973604	-0.00989606732853768
215.003836301699	-0.00849924903587693
215.157051061756	-0.00877203932442299
215.310266080761	-0.0107293586292871
215.463486575072	-0.0126736169892833
215.616705909456	-0.011684179975257
215.769930924697	-0.0106936267355003
215.923161644884	-0.0106943443202095
216.076415520012	-0.0116577843950902
216.229683057146	-0.0126354015297273
216.383001844208	-0.0124808988347548
216.536355549246	-0.012340097397272
216.689764351951	-0.013311459179903
216.843228300633	-0.0153806896309632
216.996752873358	-0.017461536113846
217.150306550449	-0.0139479265626483
217.303903619719	-0.0104345593899255
217.457513639253	-0.0118713150403686
217.611145098363	-0.0182713926483382
217.764809253237	-0.0246715324258188
217.918503636223	-0.0247528745689023
218.072233867924	-0.0248325524712242
218.225997720505	-0.0230822667054346
218.379787784417	-0.0195036920793045
218.533601983578	-0.0159115622462573
218.687415736393	-0.0236204160560202
218.841255783903	-0.0313219046935369
218.995085083579	-0.0356622227834127
219.148897061451	-0.0366086409575387
219.302695974793	-0.0375680289978439
219.456498839324	-0.0360366869682339
219.610290261259	-0.0345036936299536
219.76406942544	-0.033779700972381
219.917828512115	-0.0338387791389359
220.071573186715	-0.0338956739505753
220.225282186086	-0.0416156682976224
220.378980244269	-0.0493396346515942
220.532672692417	-0.0527863851628126
220.686369507575	-0.0519106324714398
220.84006716807	-0.0510471645197421
220.993770493329	-0.0485209048913607
221.147476148976	-0.0459905368702079
221.301191878865	-0.0436977011280374
221.454909558501	-0.041649439469163
221.608637189496	-0.0395957262290024
221.762400395717	-0.0403501215067972
221.916189780788	-0.0411186989536262
222.070038870912	-0.0399339737211349
222.223959405226	-0.0368219630902103
222.377944222285	-0.0337258182231807
222.532093295551	-0.0301979924032901
222.686350201835	-0.0266823921029854
222.840765880972	-0.0210903614438888
222.995326051874	-0.0134483920037435
223.150027195782	-0.00583067007111456
223.304831889236	-0.00953535735910033
223.459775486548	-0.0132443185016516
223.614811341172	-0.0126872539654612
223.769929431583	-0.00790242374511597
223.925119693663	-0.00311105811276809
224.080402692487	-0.000717472863221611
224.23576396339	0.00167054850808405
224.391185601442	0.00455557898658583
224.546662378523	0.0079516952588967
224.702178291515	0.0113440228289183
224.85773639887	0.00936173962389484
225.013334361362	0.0073821063838487
225.168947044191	0.00796064060780882
225.324545405856	0.0110833286214028
225.480130058872	0.0142068524009708
225.635690206098	0.012477725508696
225.791225800241	0.0107618842944026
225.946745915321	0.0101265789209909
226.10225799399	0.010557714195464
226.257758699744	0.0109887339944738
226.41319955238	0.0109810976316835
226.568607528153	0.0109734515123153
226.723965039512	0.0119252008419046
226.879279995331	0.0138361940202789
227.034546836605	0.0157479549005603
227.189746134574	0.0232849229181712
227.344874729341	0.0308144001847903
227.499912839315	0.0351261456622981
227.654845560923	0.0362213484964751
227.80968227249	0.0373155101433565
227.964388514963	0.0389103630902996
228.11898107196	0.0405052668877016
228.273439466629	0.0418061785235707
228.427762545801	0.0428125845185364
228.581943807579	0.0438101769080665
228.735996122376	0.0426066478356147
228.889908073915	0.0414037817166561
229.04368117473	0.0424574049436966
229.197311051817	0.045785172329477
229.350790715835	0.0491196456672297
229.504131809263	0.0488335871861208
229.657335190698	0.0485437348019178
229.810399333772	0.0480231411615424
229.963325678315	0.0472985872167007
230.116121049199	0.0465694971230047
230.268696911121	0.0445788324039395
230.42110756597	0.0425773827115965
230.573179564024	0.0415353534266497
230.724851226313	0.0414853525737881
230.876123136482	0.0414202699607121
231.026560550378	0.0400358867058157
231.176351358011	0.038636040118446
231.325308545875	0.0405252185084471
231.473436832959	0.0458115201779465
231.620724802762	0.0512016467549561
231.767917740416	0.0346648665388554
231.914670604956	0.0181062220794911
232.061136850217	0.011631462547483
232.207190347143	0.0153263169484887
232.352832087354	0.019054440962652
232.498118960545	0.0172259246535999
232.642964209434	0.0153822478601832
232.787439026882	0.0143756179123681
232.931532879404	0.0142172278828429
233.075251450908	0.0140561014426928
233.218624740822	0.00701426773492118
233.361653037138	-9.0296531763495E-05
233.504357541558	-0.00209591988346493
233.646745321369	0.00107963703305308
233.788804536866	0.00428209353612228
233.930527613882	0.00382890822286531
234.071915095987	0.00337185146990093
234.212960276407	0.00453138669725725
234.353657284808	0.00729784646085729
234.493997518527	0.0101064680589505
234.634027716122	0.0141082673153676
234.773721759981	0.0181570713134137
234.913069275596	0.0225707357506884
235.052064968768	0.0273710216177662
235.190698250897	0.032214976465104
235.328977728182	0.0271573390382027
235.466909221744	0.0220693179375508
235.604493149848	0.0193451394556518
235.741729953632	0.0190326771258074
235.878625471977	0.0187325302809218
236.015156476173	0.0203524555853824
236.151337506277	0.0219858226893
236.287184568855	0.02231767536114
236.422720445214	0.0213292997218107
236.557948982852	0.0203316304675524
236.692842698079	0.0183067399092583
236.827433482586	0.0162626415804112
236.961681232673	0.0160419090097572
237.095578941447	0.0176519700324845
237.229125043584	0.0192773144754022
237.362334004401	0.0184673786200123
237.495195989942	0.0176322622712883
237.627733581667	0.016715850817247
237.759942495127	0.0157021358928304
237.891834597639	0.0146961178051298
238.023433473104	0.0154726852847609
238.154727618134	0.0162552678002044
238.285732136102	0.014671591820485
238.416445643831	0.0106761609971012
238.546880246664	0.00664774534545719
238.677023954858	0.00240429736171312
238.806889060186	-0.00187436848706013
238.936472852607	-0.00459908310261026
239.065776494072	-0.0057874602384426
239.194801137059	-0.00696706908172186
239.323593724065	-0.00528939169728481
239.452133740459	-0.00361850241534128
239.580409091891	-0.00235156826330359
239.708416230873	-0.00151019412859312
239.836148967877	-0.000661716633071662
239.963607784664	-0.00112216351059729
240.090787719836	-0.00156719870632121
240.217704472357	-0.00107345942634577
240.344356633405	0.00038920019676
240.470745487913	0.00184375392250449
240.596837027526	0.000723240928171614
240.722651208899	-0.000407219536399285
240.848190871577	-0.000487401554447516
240.973465861962	0.000515497224681585
241.098475212682	0.00150626138333269
241.223264197849	0.00494350609276472
241.347810665086	0.00840309072840441
241.47209321713	0.0110327703902052
241.596102083081	0.0128253112015024
241.719824857156	0.0146341962734026
241.8433052353	0.00841709760658611
241.966527538391	0.00213452491495144
242.089496965783	0.00228521369164977
242.212207361241	0.0089009170484781
242.334644505375	0.0155703228961664
242.45529691114	0.018997038532198
242.574896788049	0.0226115509573826
242.693529194739	0.0239018425266923
242.811597677939	0.0226967430318661
242.929100497788	0.0214640922550029
243.046243441805	0.016821568408366
243.163132948227	0.0121051246656014
243.279585187324	0.012953600349208
243.3955648158	0.0194816934507057
243.511066423054	0.0261118926901796
243.626168898963	0.0227033772790498
243.740826720487	0.0192276571048538
243.855095813977	0.0167345941545053
243.968985606624	0.0152175498980881
244.082494740936	0.0136819395144454
244.19557851843	0.0057267851823324
244.308275910693	-0.00231522694731482
244.420593265184	-0.0065887316003586
244.532555175561	-0.00694113037433615
244.644159196531	-0.00732181493707578
244.755443169533	-0.0107882011122375
244.866401885917	-0.0143173193345275
244.977027547043	-0.0147221626777537
245.087320597215	-0.0119710139387265
245.197273397547	-0.00918698169304904
245.306873864543	-0.00427900366099203
245.416115262239	0.000688663253291648
245.525005430434	0.0043650482703239
245.633545203582	0.00672459918554912
245.741732674204	0.0091116021848424
245.849568844152	0.00786809952065325
245.957057436733	0.0066096105137325
246.064201883104	0.00572935692333166
246.171005317179	0.00520794063114641
246.277462764952	0.00468079190069937
246.383584112697	-0.00103795773757132
246.489365832207	-0.00685243163602846
246.594827879048	-0.00821727363112299
246.699973219313	-0.00508083215228086
246.804799353193	-0.00190958889897767
246.909296662952	4.56672524954299E-06
247.013477153911	0.00191329607306794
247.1173621328	0.00234031400955894
247.220976773569	0.00120570412304362
247.324319219214	6.07757474043305E-05
247.4273449335	0.00528108701656502
247.530079545959	0.0105318169698791
247.632461837311	0.00962671134077893
247.7344864776	0.00241930350417868
247.836156352374	-0.00488587639419491
247.937594073625	0.00799586267280528
248.038722456848	0.0209820776266417
248.139559786874	0.0252196525011093
248.240098727257	0.020644340680227
248.340337460299	0.0159872057824728
248.440263135376	0.015301068859262
248.539873620418	0.0146070131652729
248.639177080316	0.0145668191689782
248.738170418206	0.0151928914811873
248.836850543947	0.0157967761096993
248.935280749503	0.0141534989693983
249.033424545372	0.0124656061410953
249.131293227235	0.011662939333563
249.228873288351	0.011726946401168
249.326164721926	0.0118227452027003
249.423162211259	0.0118239088870994
249.51986309773	0.0118249113563393
249.616275590379	0.0116974478543952
249.712402649442	0.011375625084871
249.808244504105	0.0110823578617793
249.90380572157	0.00839734643699891
249.9990827889	0.00568433674134153
250.09408889807	0.00613798140308211
250.188818928529	0.00974313100022457
250.283273095385	0.0134181183145098
250.377444405431	0.0118333474609378
250.471339336364	0.0102646896796347
250.564963455767	0.0100833625685081
250.658326770498	0.011309926508994
250.751420383219	0.0125496560241457
250.844290123357	0.0166775574345187
250.936906327774	0.0208768004831446
251.029273304193	0.022550890440641
251.121380896083	0.0217000462038776
251.21322438046	0.0208079606440403
251.30481037748	0.0106855480977887
251.396140104053	0.000460333685598033
251.487215821553	0.00113035495391894
251.57803538422	0.0129316385130753
251.668588580755	0.0248152934231066
251.758872763428	0.0248709012688379
251.848885312095	0.0248936098274038
251.938637760316	0.0238655617073567
252.028128856137	0.021701517368005
252.117362680709	0.0195521666041811
252.206339020967	0.015590560254708
252.295057665922	0.0115897039612696
252.383535187298	0.0110180014826043
252.471764515218	0.0138552850008715
252.55975470067	0.0167550458898621
252.647498391582	0.0111019903939738
252.735007133134	0.0053554202163883
252.822304219812	0.00254121626383556
252.909403103632	0.00262687573050304
252.996309099347	0.00271286700110704
253.082963254246	0.0111173510280807
253.169401001688	0.0195666252657253
253.255576562005	0.0197460894799819
253.34149212702	0.0114479009850945
253.427152600018	0.00309772220927072
253.512658064087	0.00734710476483164
253.59795210917	0.0116236737267923
253.683049301065	0.0142402530562951
253.767924878216	0.0151052598144012
253.852581101258	0.0159786590470609
253.937014430593	0.00345689838050395
254.02122130449	-0.00922521294504362
254.105240573879	-0.0159046445060792
254.189078045253	-0.016575236578487
254.272736754909	-0.0172100638483461
254.356214314909	-0.0130609415241659
254.439513753727	-0.00891886918588935
254.522621967692	-0.0048259031318691
254.605533931109	-0.000739842217903443
254.688247334602	0.00334016205316324
254.770765616392	0.00205722196907105
254.853086794281	0.000805361763659445
254.935218593897	0.00144161263429801
255.017156867069	0.00403213408114697
255.098902867296	0.00660164847271782
255.180457068843	0.0057747050130957
255.261819947054	0.00494079583038656
255.34300880579	0.00293561391194532
255.424028172392	-0.000338586784529911
255.504887924933	-0.00359257077120353
255.585573346947	-0.00138597390101296
255.66609400074	0.00079395379405255
255.746435507949	0.00246453534571447
255.826594585526	0.0035321068612858
255.90657062852	0.00465269670433768
255.986371853545	0.00444870752580721
256.06598760017	0.00424361066126821
256.145425227357	0.00555904314167832
256.224680453863	0.00850330142761648
256.303746316697	0.0114275640810527
256.382637182277	0.0198080881906246
256.461332379464	0.0283013280519204
256.539840795766	0.0319749059914711
256.618165809144	0.0309052789353546
256.696305418969	0.0297812036638485
256.774256495696	0.0307770263736961
256.852021311326	0.0317805230255134
256.929603934579	0.0293420684189483
257.006999408446	0.0234285358363837
257.084221642746	0.0174184225002442
257.161296683845	0.0193087931066509
257.238204738634	0.0212135632735815
257.314970188282	0.020995796275678
257.391583465728	0.018687778095667
257.468056548563	0.0163624937034197
257.544632443924	0.015653617294451
257.621189962656	0.0149009835533643
257.697869346358	0.0149035433788634
257.774667577033	0.0155641221352196
257.851595123823	0.016218486743508
257.928555809982	0.0147940918668839
258.00560148786	0.0133725288422867
258.082662201527	0.013178382385623
258.159732067019	0.014207762080535
258.236813283281	0.0152349869065583
258.313890141266	0.0143429939158577
258.390968505384	0.0134043817604066
258.468024026304	0.0136436865088399
258.545045246786	0.0150625842346091
258.622031472067	0.0165308951188575
258.698994850219	0.0248925349814201
258.775917905146	0.0333053105962016
258.852811765957	0.038387004005147
258.929686458694	0.0402190590432332
259.006535882483	0.0420041383111121
259.083368107882	0.0250959916763141
259.160188408808	0.00818464659147284
259.236996371908	0.00907978605180922
259.313780578617	0.0277947464988843
259.390532428297	0.046519051294349
259.467247606719	0.0445605365568157
259.543935255029	0.0425952321720358
259.620584524665	0.0430819474494655
259.69719423177	0.0460707182078262
259.773768619594	0.049056341870068
259.850295538957	0.0403649578773578
259.926792425395	0.0316115692967492
260.003244568362	0.034652089284323
260.079651105241	0.0494091440014411
260.156003265314	0.0641846596082066
260.232303109435	0.0729639646995852
260.308539395153	0.0817149790633334
260.384723546382	0.0815192393866025
260.46085982731	0.0722213156700059
260.536946920882	0.0629716561578044
260.612936111735	0.0922470290829583
260.688835974621	0.121563000930427
260.764597979315	0.125108566746325
260.840228726596	0.102651003124661
260.91573156859	0.0801277178416061
260.99106652378	0.0963206411505006
261.066242533285	0.112615518905226
261.141244289129	0.121958867362446
261.216083232575	0.124155915180985
261.290749266769	0.12642991755202
261.36524314674	0.138241717833967
261.43956334486	0.150177034355059
261.513693990296	0.146197497796001
261.587639171779	0.126160174032002
261.661402367486	0.105967717991574
261.734960618028	0.116501276414709
261.808326348053	0.127156892894112
261.881489383846	0.13128789536822
261.954454419577	0.128813075310461
262.027223372566	0.126316621936076
262.099754066321	0.128495688245842
262.172063788726	0.130712736780516
262.244122759487	0.142070525541074
262.31592194296	0.162783649541589
262.387466678933	0.183663152885362
262.45881594585	0.19116279269853
262.529942557422	0.198671722690036
262.60088206815	0.201089230201907
262.671638047933	0.198403202954113
262.742213919498	0.195639526316107
262.812656200424	0.192698972975382
262.882946397416	0.189685270359223
262.953103628249	0.186461972461258
263.023133377421	0.183001194225941
263.093040962348	0.179438345436955
263.162811139079	0.195125602109238
263.232464518576	0.210842825169537
263.301983058719	0.210056621384637
263.371371003702	0.192552969103496
263.440626367211	0.174965558397569
263.50978380082	0.192200330853312
263.578832805614	0.209541605116385
263.647815740668	0.215787385557843
263.716746108002	0.210841941193539
263.785626296827	0.205820274338234
263.854509229079	0.210443096746164
263.923380537813	0.215075851913309
263.992272894632	0.212963893418614
264.061198102829	0.204064747230506
264.130148637282	0.195184866267032
264.199154330075	0.195155565686128
264.268207220271	0.195126255327066
264.337334668714	0.195910841294871
264.406553537057	0.197480814659359
264.475864552359	0.199048162976316
264.545259267127	0.197600619038023
264.614756092284	0.196127205782544
264.68433914461	0.196742327131196
264.754023090569	0.199501726580707
264.823801104628	0.20223066624897
264.893664140617	0.199808653804809
264.963624539254	0.19730350655697
265.033673559322	0.196078767902471
265.103827250531	0.196136831444274
265.174082777772	0.196194856226876
265.244436277414	0.194303106082237
265.31489455189	0.192411355937599
265.38545932174	0.191272592135479
265.456135368873	0.19094258352505
265.526924740262	0.19061274701357
265.597827963716	0.192421494931981
265.668850975395	0.194229750204642
265.739989513416	0.196953506791341
265.811234630439	0.200759550098773
265.882601623636	0.204485283817842
265.954104007516	0.205208310582494
266.025736445847	0.205930937345333
266.09750520804	0.203846278561764
266.169401250186	0.199092824518821
266.241426048831	0.194282476298787
266.313588864689	0.19725820888244
266.38588821358	0.200177545200087
266.458327265332	0.202011911880926
266.530905740796	0.202762055791584
266.603626017568	0.203512401470699
266.676489614319	0.199397856514546
266.749497921638	0.195312404419612
266.822662141479	0.19378804307294
266.895992678592	0.194878389354109
266.969497226719	0.195940643790543
267.043163128523	0.194973506880942
267.117001760746	0.193951696323332
267.191000265908	0.192901416543717
267.265161853875	0.191907112600727
267.339484265191	0.190857941584768
267.413963394152	0.190942870477431
267.488597745904	0.190998261737496
267.563383475108	0.191522726757383
267.638322285451	0.192324363492468
267.713402524202	0.19323398932523
267.788642089462	0.194258030787836
267.864026710556	0.195308817152195
267.939576883079	0.196306941224478
268.01529692054	0.197196155157852
268.091183130229	0.198167152251002
268.167238766809	0.197890008266408
268.243464310554	0.197557435484896
268.319856519438	0.196060857968088
268.396413724306	0.193344846919067
268.473128847551	0.190654670711402
268.5500185101	0.18755483552221
268.627069818779	0.184456673119886
268.704300183868	0.188590889291885
268.781722576275	0.199946976726047
268.859347313868	0.211290738883711
268.9371629728	0.200752999244793
269.015163385939	0.190223797578736
269.09335328138	0.186117763124348
269.171750913767	0.188319034500836
269.250347764303	0.190540560546351
269.329183969252	0.178054254173888
269.408227428721	0.165672938718161
269.487513733803	0.160266874748729
269.567065850899	0.161802186527822
269.64687994633	0.163271915776986
269.726966561241	0.150726411855019
269.807306829631	0.138285602721801
269.887904425763	0.136209273629596
269.968753458026	0.144486259736964
270.04986666196	0.152658449940972
270.131223437123	0.153480110386939
270.212837931191	0.154276385062301
270.294668088154	0.155137962244324
270.376701247615	0.15601382319168
270.458943452918	0.156919677178744
270.54133445855	0.158625809057504
270.62389434477	0.160405221833264
270.706605436572	0.161919429003162
270.789455254376	0.163317669381936
270.872449980862	0.164663318165627
270.955591788175	0.167576151507265
271.038880119674	0.170488984848903
271.122327455682	0.163803810688321
271.205927286733	0.147539984631228
271.289670496008	0.131231705970772
271.373575048031	0.133714848688654
271.457645430775	0.136121279681545
271.541888822546	0.135449863949384
271.626301745446	0.131731599454999
271.710878079558	0.128040858952808
271.795630688674	0.127733654709692
271.880545603897	0.127391705615967
271.965627383305	0.129941961216275
272.050869464852	0.135235225811575
272.136284001691	0.140550968968799
272.221873880692	0.13491456092139
272.307634040398	0.129330736133031
272.39357979635	0.128817159218617
272.479717277966	0.133361765906188
272.566052554257	0.137887075317761
272.652711657552	0.125383690247052
272.739617006436	0.113011577725009
272.826831464315	0.101416906833503
272.914354063351	0.0905802140592273
273.002178573011	0.0798042076252011
273.090266542563	0.0818750937726477
273.178649088748	0.0838648817001211
273.267268884013	0.0827283465973539
273.356108991216	0.0785015763504491
273.445160491266	0.0743118875785995
273.534352415593	0.0827422699914934
273.623715645313	0.0912053194111109
273.713203388594	0.0966531308976264
273.80280388024	0.0990542992114691
273.892513366908	0.101465933423727
273.982284740735	0.100096231495095
274.072132575532	0.0986760797952285
274.162037704173	0.0986773439417385
274.251995496865	0.100114966903065
274.342009356504	0.10155440413525
274.432111990041	0.0992692154670689
274.522282421916	0.0969851892587656
274.612532853472	0.0958927079036689
274.702860381779	0.0960890920431757
274.79326474347	0.0962363801478058
274.883726363659	0.0957329480944016
274.974257884814	0.0952169750681389
275.064858068383	0.094087045854623
275.155527954633	0.0924049267387521
275.246273970212	0.0907116645107987
275.337004765556	0.0839863748022842
275.427760650423	0.0772861517445402
275.518314190072	0.0754317277223679
275.608569943991	0.0784960353390582
275.698532419473	0.0816727187129648
275.788555261511	0.074773238824202
275.878406336624	0.067875545622387
275.969197957269	0.0529411743304894
276.06135405429	0.0313590143494061
276.154860906401	0.0114903649796203
276.248674367183	0.014948903765214
276.343544043396	0.0183633681080536
276.43899370517	0.0141308139915497
276.535158465749	0.00266462152002808
276.632025041767	-0.00837060654929623
276.729553557725	0.0099507418650835
276.827857248347	0.0277961974026097
276.926924512513	0.0278012361425281
277.026792829329	0.0108851937779967
277.127452242048	-0.00547354810380657
277.228955660619	-0.0169890130753376
277.331293935381	-0.0280507074802033
277.43437361219	-0.0308609833095312
277.538158688135	-0.0257837562606731
277.642644626505	-0.0208822463592283
277.747863511726	-0.00766583028771859
277.853791351806	0.00519792572976128
277.960477100862	0.0117316927786012
278.06793198838	0.0122059975191497
278.176153914692	0.0126985455720769
278.285315418374	0.0287543659289965
278.395349707405	0.0442807781129531
278.506246904408	0.0467968114841834
278.617944919699	0.0369520162790559
278.730437592625	0.0273390145353927
278.843686204203	0.0264109022460401
278.957690045632	0.0254725653911279
279.072443997447	0.0284553978108268
279.187946410807	0.0352083778264049
279.304206188657	0.041813433171051
279.421219838534	0.0408400398059681
279.538983976563	0.0399166369413165
279.657495059158	0.038792712891784
279.776760042968	0.0374409345105515
279.896767100749	0.0361509734814025
280.017553766827	0.0358966775072604
280.139106478121	0.0356692215340543
280.261481609991	0.0353392960199339
280.384703059164	0.0349372400790831
280.508770741905	0.0345174702154501
280.633577639003	0.0344838320626285
280.75918840463	0.0344236037121124
280.885522052019	0.0344703139254011
281.01257077678	0.0345961148363347
281.140340148953	0.034737964131277
281.268580016555	0.0261314677827176
281.397400564126	0.0176742760522324
281.526577585265	0.0117411660828301
281.656045858346	0.00826174968896687
281.785812602813	0.00480816768722236
281.915683735682	0.00468314661035037
282.045729145294	0.00458189377564013
282.175822963077	0.00539559884939262
282.305942644197	0.00714741535925154
282.436087200591	0.00892319711304456
282.566236180278	0.00453358398144008
282.696379934453	0.000167319855854762
282.82652801083	-0.00109343029905383
282.956690290968	0.000750780856153645
283.086865900769	0.00261735385225717
283.217029623442	-0.0011397232285681
283.347191283534	-0.00487477913803501
283.477339536775	-0.00821352846955553
283.607468850968	-0.0111092729610602
283.737584438246	-0.0140276420350714
283.867666491587	-0.00947832034117763
283.99773832632	-0.00492536224918256
284.127780759691	-0.00525426969398085
284.25779403531	-0.0104927427357585
284.387770295743	-0.0157349045173663
284.517721719685	-0.0142874867148985
284.647638960313	-0.0128172930543623
284.777531374228	-0.011510139560693
284.907386607382	-0.0103679816085056
285.037211191921	-0.00920139318959242
285.167021959428	-0.00852287375903843
285.296803408362	-0.00784492584456258
285.426564216566	-0.0072376768381691
285.556304958737	-0.00665354814434594
285.686023493978	-0.00609255816773801
285.815734680513	-0.00740564000772094
285.945429101728	-0.00874216973770356
286.075130927483	-0.0088101837498164
286.204860175248	-0.00763271715920499
286.33461261896	-0.00645690715087304
286.464407165512	-0.00640501239360749
286.594241188933	-0.00632982617872413
286.724106654534	-0.00627921465764309
286.853992784674	-0.00627700580543693
286.983902290469	-0.00625145732460863
287.113793845502	-0.00716300799494106
287.24368807781	-0.00807416912408858
287.373561625966	-0.00718824923817809
287.5034172046	-0.00448070852998114
287.633257533526	-0.00177173825577929
287.76309587261	-0.00198200874415359
287.892923903786	-0.00221564262012504
288.022742700135	-0.00382805314072754
288.152546557471	-0.0068200298922732
288.282327046699	-0.00983729907685002
288.412101170522	-0.00899577296813074
288.54185899325	-0.00815424685941146
288.671621347629	-0.0061895965090749
288.801391367775	-0.00308035895855436
288.931174908316	5.05970735649675E-05
289.061019728775	0.00733223996932379
289.190919679536	0.0145998023374426
289.320880295853	0.014751344999191
289.450886445441	0.00775792961367475
289.580939171739	0.000771812361083831
289.711038791937	0.0117950942446532
289.84120441214	0.022779594405651
289.971398039059	0.0252408774973009
290.101608090756	0.0191126189038821
290.231817629958	0.0129811945783494
290.362019760488	0.0168957631060463
290.492215646997	0.0208137683611099
290.622404427158	0.0254360734899079
290.75257779004	0.0307471073475514
290.882751649975	0.0360866928568725
291.012906473495	0.0383128561061474
291.143052315021	0.040519558039419
291.273181316827	0.0437395791794325
291.403283830286	0.047961743084475
291.533374400351	0.0521896963016615
291.663410899894	0.0592803763669523
291.793421117502	0.0663724994335209
291.923373159407	0.0703265405833337
292.053258997807	0.0710791292431889
292.183084076551	0.0718286372870133
292.312849876368	0.0801452077768678
292.44256844811	0.0885129930490716
292.57223110448	0.0920224904040778
292.701843648496	0.0906269009262838
292.831393058513	0.089232812165561
292.96089229758	0.0834422866324292
293.09032480169	0.0776037505110489
293.219732511906	0.0738146990007468
293.349126823603	0.0720976002519297
293.478508368398	0.070377401655313
293.607953332958	0.0652529324354286
293.737424739946	0.0601061855179597
293.866994224615	0.0557409595782449
293.996680175448	0.0521404081931254
294.12647950344	0.0485513406407093
294.256434611185	0.047905080023268
294.386539362752	0.0472570496439987
294.516815421907	0.0441417366841482
294.647263761429	0.0385820924610285
294.777882760406	0.0330499058693988
294.908721450745	0.0124243889674194
295.039734649936	-0.00805926468190688
295.170904903955	-0.0204498067335526
295.302199106618	-0.0248896715590046
295.433619121659	-0.0292881008503153
295.565103127116	-0.0358140328890148
295.696662023179	-0.0423204265453718
295.828257192776	-0.0499393940436441
295.959873224144	-0.058719445264087
296.091502615979	-0.0674592457971474
296.223069497048	-0.0639332552947946
296.35461127557	-0.0604060250954384
296.486076962737	-0.0595941335588458
296.617451041561	-0.0615292206628804
296.74873413085	-0.0634673517021571
296.87984300399	-0.0657170912751697
297.010810274061	-0.067975434687264
297.141629987043	-0.0649816640025155
297.27232776265	-0.056711168818006
297.402907807033	-0.0484245855879415
297.533299069789	-0.0553658156112989
297.663535437	-0.0623624610735907
297.793589607466	-0.0653989188447631
297.923475499008	-0.0644428396048959
298.053185449969	-0.0635128099375649
298.182776386302	-0.0627012922897453
298.312224402466	-0.0618880092135125
298.441553018873	-0.0593347052033234
298.570771255192	-0.0550547580794879
298.69988015243	-0.0507425511159532
298.828847680024	-0.0530176102218293
298.957687550435	-0.0553234317083154
299.086386836896	-0.0572955400263704
299.214957148076	-0.05892147446343
299.343385781596	-0.0605805669058027
299.471705865447	-0.0705040919371557
299.599893737639	-0.0804345977561306
299.727930492348	-0.0853128295192786
299.855810215611	-0.085145501233763
299.983529718049	-0.0849776064751848
300.111090394542	-0.0829563107057085
300.238488280624	-0.0809540878878883
300.365750067505	-0.0806146989743115
300.492879179717	-0.0819503666825855
300.619876314383	-0.0832876952488321
300.746773915433	-0.0799853017127933
300.873564116261	-0.0766811281296955
301.000248418217	-0.0747726407129578
301.126832275614	-0.0742473576473622
301.253310419607	-0.0736972877969456
301.379665031094	-0.0748205366428871
301.505907865634	-0.0759629016186289
301.632026705499	-0.0768631297911583
301.75802304531	-0.0775207635077621
301.883901043573	-0.0781965674838949
302.009701617979	-0.0772560740075224
302.135406455797	-0.0763402929043505
302.261046802601	-0.076848929721048
302.386625339356	-0.0788045216702641
302.512139336334	-0.080757995429876
302.637643978948	-0.0743602718808403
302.763124586693	-0.0679785456615844
302.888653307117	-0.061059751896037
303.01426533696	-0.0535686680309229
303.139966348818	-0.0461429169540131
303.265932635179	-0.0124687553885183
303.392146610215	0.0208947947001804
303.518715340363	0.045593183333715
303.645668360691	0.0617039844627509
303.773024163144	0.0776437673088332
303.900749787451	0.0679407864475979
304.028850089879	0.0583288592494374
304.157187202542	0.0602137490702589
304.28571968805	0.0735073093300131
304.414454162766	0.0867874902433171
304.543206711324	0.0843014942249304
304.672033082849	0.0818321225591963
304.800834098834	0.0780006249303453
304.929592506688	0.0727635284888875
305.058304652362	0.0675196899468438
305.186924166162	0.0650009102874816
305.315469341596	0.0624630315732633
305.443928506878	0.0620283292290085
305.572313779899	0.0636833381948281
305.700618366361	0.0653279134125336
305.8288700228	0.0640134652299444
305.957048037473	0.0626990763814493
306.085203136266	0.0626746978711089
306.213357831635	0.0639883129672412
306.341499540195	0.0652917612938571
306.469678488131	0.0621750757932088
306.597872226315	0.0590550534215387
306.726104149319	0.0585742470560109
306.854376071252	0.0607172400545648
306.982697844086	0.0628557811287417
307.111103214083	0.0592672450571842
307.239572101959	0.0556818946350394
307.368118631806	0.0511924677522643
307.496737269323	0.045824035769781
307.625422557081	0.0404603705637928
307.754195604855	0.0401658344440899
307.883039808292	0.0398752980978244
308.011984114531	0.039312878913812
308.141032939921	0.0384560413669477
308.270185354717	0.0376250360387576
308.399441052043	0.0346181537859227
308.528805163265	0.0316390478338332
308.658209231431	0.0277483217430614
308.787616259386	0.0229373712459293
308.917029706983	0.018140838014219
309.046179627198	0.0263013705020634
309.175202708184	0.0345118099283654
309.304188918831	0.0381215735202098
309.433255531163	0.037022913644568
309.562390360387	0.0359327932618698
309.692303270268	0.0228213437267205
309.822668282348	0.0100060718392322
309.953761738161	0.00938444419522585
310.085570016114	0.0205388711984374
310.21810605324	0.0314282536114342
310.350982278509	0.0281827569813787
310.484378435196	0.0249914386457105
310.618235650067	0.0203491734215534
310.752601939276	0.0143606638039904
310.887482714094	0.0084760864615838
311.023012766132	0.0111870233016647
311.159165031256	0.0138636108907604
311.295897367163	0.0172454125740399
311.433176216583	0.0213893475380022
311.571005310589	0.0254502235262366
311.70931274484	0.0208331852611744
311.848107647317	0.0162800923860471
311.987423201231	0.0144460025288041
312.127289786915	0.0152714051635195
312.267700239449	0.0160836543959713
312.408647556586	0.0114132645544465
312.550135385645	0.00681596355354808
312.69212804318	0.00615972316976356
312.834609829812	0.00933859914231945
312.977586501828	0.0124732044005154
313.121175673165	0.00894301845627725
313.265306487591	0.00547483007576853
313.410011875432	0.00293205195518222
313.555274086243	0.00126979813737878
313.701091441753	-0.000348099420385288
313.847398048074	0.00380213035360611
313.994230392013	0.00791203283149969
314.141580968826	0.00859563128859317
314.28946597957	0.00596255007051732
314.43788017764	0.0033874048989556
314.586798331641	0.00230215556849519
314.736227464115	0.00123237824386363
314.886163629416	9.00946832046325E-05
315.036584011335	-0.0011229109865376
315.187508944752	-0.00231893184674904
315.338949844161	-0.00165326455137572
315.490896614286	-0.00101422071930975
315.64335585137	-0.00248812767920527
315.796302244196	-0.00606541196383504
315.94974550051	-0.00959372160115037
316.103698525195	-0.00494285951081498
316.258163505393	-0.000341005718479313
316.413132475797	-0.000289892287011192
316.568600717801	-0.00471191590324971
316.724560796052	-0.0090586862165585
316.881100701708	-0.0122480298445358
317.038173742319	-0.0153853372463694
317.195723510428	-0.0154559540760714
317.353704758708	-0.0125209108896904
317.512125823419	-0.00961564777722005
317.671091497769	-0.0120080741332843
317.830520800103	-0.0143496076220953
317.990454643019	-0.0165735408199148
318.150882462992	-0.0186828455798858
318.311796277766	-0.0207645021347095
318.473158304422	-0.0183146590656669
318.634990102759	-0.0158783218802944
318.797286283057	-0.0157346038627443
318.960052385724	-0.0178114574040553
319.1232858637	-0.0198760488816205
319.286951545509	-0.0221845005814517
319.451065398895	-0.0244655915532655
319.615603143348	-0.0242674305060991
319.780575842292	-0.0216438674549133
319.94597570418	-0.0190516384431286
320.111817471353	-0.0244908082716387
320.27807274072	-0.02985555034217
320.444729084155	-0.0331575979825107
320.611763018954	-0.0344356084330141
320.779169857805	-0.0357162323167885
320.94670138113	-0.0357923246534362
321.114478331139	-0.0358656088372405
321.282325246676	-0.0357170736985562
321.450212712588	-0.0353361986240998
321.618154421349	-0.0349511803063133
321.786051669005	-0.0339681314988194
321.953943253401	-0.0329988346106706
322.121787147841	-0.0320067294930541
322.28958455832	-0.0309620838674602
322.457333996073	-0.0299307817176013
322.625071312066	-0.029212493423341
322.792783833102	-0.0284927721663845
322.960471057028	-0.0287592664226084
323.128131102673	-0.0300367493436042
323.295759390957	-0.0313004507679321
323.463324321651	-0.0306281829804449
323.630840118166	-0.0299691699991917
323.798304830082	-0.0293194833800046
323.965719138601	-0.0287221758595142
324.133086448535	-0.0281111671760479
324.300419369146	-0.028640456265543
324.467711611882	-0.0291832932051349
324.634973248739	-0.0295878887329415
324.802201058259	-0.0298562217178583
324.969397207483	-0.030124482356651
325.136546546508	-0.0292960244014143
325.303663591961	-0.0284655432770614
325.470732540632	-0.0281134557604381
325.637753047136	-0.028267021489146
325.804724784429	-0.0284070092083776
325.971631786893	-0.0300493644812361
326.138476934868	-0.0316926015665694
326.305293887913	-0.0306780685436981
326.472101253898	-0.0270378423960929
326.638912315647	-0.0233868319655167
326.805748437651	-0.0216156629537495
326.97261212737	-0.019847101275137
327.139504347059	-0.0173084643214358
327.306427192247	-0.0140143616761211
327.473385471051	-0.0107242295338757
327.64040818686	-0.000173897088317883
327.807502768511	0.0103594842543824
327.974691607627	0.0164241346562759
328.141968968836	0.018046412722057
328.309347950066	0.0196512618217327
328.476815385425	0.0291138785449823
328.644403796364	0.0385625297039424
328.812054552275	0.0447667037289288
328.979747296719	0.0477118556756554
329.147491257838	0.0506575497475098
329.315213651027	0.0547748215512771
329.482957490185	0.0588805621108849
329.650659096089	0.061994366259323
329.818323360038	0.064103051379454
329.985944343093	0.0662192828920706
330.153463108044	0.0671433619980368
330.32090430015	0.0680853984487399
330.488206999455	0.0696128202524718
330.65534873173	0.0717651053741938
330.82233394698	0.0739180303880142
330.98917468335	0.0757221517671401
331.155850448159	0.0775283206781554
331.322395754297	0.0781032609460676
331.48880846081	0.0773992098931044
331.655089138755	0.0767049279094465
331.821328683576	0.0769901050980928
331.987493814319	0.0772655980929029
332.15365582289	0.0747187702327412
332.319842414914	0.0693486877416302
332.486041024343	0.0639734605947638
332.652391044112	0.0615160738688132
332.818829589429	0.0590636829887757
332.985447347218	0.0538806061787247
333.152248491808	0.0459755938132598
333.319226685783	0.0381145779389751
333.486433835922	0.0364757477025997
333.653849051225	0.0348445940748198
333.821489334031	0.0332766028465255
333.989358251945	0.0317553390906388
334.157451314726	0.0302413818936003
334.325729640188	0.0318387378149896
334.494216323591	0.0334300025750737
334.662875936913	0.0307474717149776
334.831690233633	0.0238278485360974
335.000659936814	0.0169147858191152
335.169771348978	0.0141940459440574
335.3390242991	0.0114820626830193
335.508398291473	0.00737658967826888
335.677879464893	0.00186743942881129
335.847462066783	-0.0036148106310624
336.01717247539	-0.00673105177950963
336.186983119829	-0.00983751102290781
336.356912278851	-0.0129475136076414
336.526953869019	-0.016088050264266
336.69710447881	-0.0192184973749001
336.867284653771	-0.0228180889491953
337.037528124144	-0.0264263380257592
337.207760180128	-0.030486198158751
337.37796489326	-0.0349998545387517
337.548134308683	-0.0395275822895667
337.718193488563	-0.0411363549878913
337.888175341	-0.0427448390527347
338.058029648594	-0.0439055187029778
338.227744426109	-0.0446208061948553
338.397326564123	-0.0453347508665879
338.566733371788	-0.0469331404171817
338.73597873414	-0.0485497718859575
338.905033462981	-0.047774706292544
339.073887388624	-0.044612006628603
339.242546635775	-0.0414368749215819
339.411038163735	-0.0457327026635526
339.579340237231	-0.0500372735140077
339.747485589366	-0.0515744884115999
339.915491441396	-0.0503305140656074
340.083350788571	-0.0490739209190957
340.251092879796	-0.0490553937512064
340.418706520383	-0.0490368255478761
340.586211395752	-0.0480486535448327
340.753609552568	-0.0461063923457161
340.920911198934	-0.0441452717611787
341.088151366431	-0.0459904909726042
341.255321897467	-0.047829248954864
341.422437116238	-0.0468591289206305
341.589512314121	-0.0431058873522484
341.756549407413	-0.0393404042546958
341.923555742547	-0.0396874707019982
342.090522481352	-0.040037050820822
342.257493746714	-0.0390753633967773
342.42448303113	-0.0368363462781697
342.591490417022	-0.0345907509050043
342.758561635696	-0.0305189969236289
342.925688567467	-0.0264439467221355
343.092892769434	-0.0224051073113475
343.260171531386	-0.018405628974901
343.427541045942	-0.0144153724975761
343.594994797317	-0.0112803259097599
343.762537069987	-0.0081538065572954
343.930184395696	-0.00397528348820323
344.09794669833	0.00126288491778356
344.265831181875	0.00647209436023008
344.433858485089	0.00579915500488244
344.602019593002	0.00512845502513555
344.770298397055	0.00711546414726336
344.938677061319	0.011766562175929
345.107178133708	0.016407396990788
345.275653664094	0.0206017428286511
345.444184764251	0.0247860102047748
345.612719897724	0.0285803185966761
345.781260806992	0.0319600066735142
345.949817268291	0.035342402798828
346.11838846932	0.0309048808169429
346.286965560242	0.0264509030203819
346.455534218401	0.0259252715550384
346.624101576168	0.0293570561543765
346.792661215914	0.0327816517700715
346.961160659652	0.0381588602813554
347.129639015337	0.0435482552464732
347.298061372025	0.0460246818736026
347.466437494826	0.0455701843998352
347.634755601878	0.0451310587203307
347.803058338621	0.0450509449735059
347.971323625109	0.0449842913945772
348.139581165381	0.0453479945510805
348.307826158272	0.0461628168560503
348.476069959916	0.0469757797407063
348.644329112964	0.0454259217466438
348.812598612746	0.0438716447831699
348.980905655358	0.0421405934395937
349.149255697398	0.0402368051477693
349.317654222658	0.0383170189475508
349.486129959184	0.0354834404775857
349.654663145419	0.0326547230151928
349.823287380587	0.0292741447780327
349.991995237287	0.0253625873045116
350.160787451321	0.0214573275807504
350.32968193929	0.0183718476861069
350.498661576702	0.0152799916736219
350.667765091361	0.0114825478975496
350.836984565658	0.00698833268032645
351.00632831167	0.00250777878247961
351.175773544548	0.0014495477195021
351.345329834401	0.000394030313459017
351.514946833847	-0.00115875553399523
351.684600602718	-0.00319639522194895
351.854283353045	-0.00524678860735352
352.023983974491	-0.0101550813128541
352.193683223131	-0.0150745855562347
352.363373909158	-0.0188749822424818
352.533050110371	-0.0215568035830399
352.702700474475	-0.0242398863883846
352.872314500089	-0.0284484300601882
353.041881595524	-0.0326732046832217
353.211388033311	-0.0349481172093361
353.380814299231	-0.0352772309546121
353.550170527071	-0.035617813183835
353.719453983652	-0.0310258505526011
353.888670094433	-0.0264437112331328
354.057817444233	-0.0252933939131427
354.226890365552	-0.0276065470207915
354.395885850685	-0.0299221750988801
354.564790531298	-0.0296984401382775
354.733615317645	-0.0294724237105936
354.90235732209	-0.0295017870485321
355.071021404534	-0.0298005020729892
355.239607043269	-0.0300859227258789
355.408151196833	-0.0284592422873813
355.576634214289	-0.0268341430236699
355.74507121244	-0.0254546848485303
355.913447382715	-0.0242968359936583
356.081774883712	-0.0231500874817635
356.250048888775	-0.0226398547201725
356.418275363612	-0.0221278621573484
356.586482495682	-0.0211191130591411
356.754688319662	-0.0196284060847554
356.922894707799	-0.0181390963902322
357.091076340645	-0.0188995123000463
357.259240232999	-0.0196625657102881
357.427394369127	-0.0196870859209252
357.595534204948	-0.0189894693511829
357.763660597014	-0.0182934528849632
357.931796403903	-0.0193036217978894
358.099918616527	-0.0203292635517928
358.268051505782	-0.0202668578846475
358.436185726153	-0.0191338546539454
358.604328141335	-0.017988213494535
358.772446121003	-0.0181507779175369
358.94055018409	-0.0183010213195455
359.108626512857	-0.0185054802150755
359.276666606684	-0.0187654227520976
359.444678159434	-0.0190106084647862
359.61265888929	-0.0206367973630982
359.780606496817	-0.0222629862614102
359.948522903871	-0.0227643945050565
360.116408897354	-0.0221274705198842
360.28426525312	-0.0215040981088646
360.452115021151	-0.0203738565753208
360.619948909205	-0.0192442199118446
360.787767196843	-0.0189978770102377
360.955568954085	-0.019619517780776
361.123350530144	-0.0202546159234542
361.291103558738	-0.0204035634542387
361.458830437139	-0.02056605166964
361.626512714913	-0.0202180560993667
361.794154217783	-0.0193700110900517
361.961745301739	-0.0185227517952925
362.129277096756	-0.0171349754888634
362.29675960021	-0.015758402476467
362.464201477152	-0.0153274563115318
362.631618094215	-0.0158690369949453
362.799000567558	-0.0163980799725925
362.96639619972	-0.0153338257390972
363.133787616833	-0.0142568715920479
363.301197681263	-0.0133289262942544
363.468624761848	-0.0125643485693273
363.636072623809	-0.0118004860796935
363.803537162495	-0.0108892491447081
363.971022344715	-0.00999226750115181
364.13852503124	-0.0102856724039618
364.306043038551	-0.0117815440591425
364.473574175538	-0.0132762141861456
364.641086439722	-0.0130195603878483
364.808596346767	-0.012762906589551
364.97608413164	-0.0115074235790523
365.143550322751	-0.00927968040721071
365.310992782459	-0.0070382991945613
365.478406779876	-0.00658060068617661
365.645798350121	-0.00613576694254812
365.813167526911	-0.00610954498389427
365.980519103086	-0.00651563085189564
366.14785785077	-0.00693483035252242
366.315202105542	-0.00913656208872539
366.482540560732	-0.0113235997108892
366.649873516775	-0.011105868152507
366.817199432378	-0.00847073211662856
366.984516775963	-0.00583598655874935
367.151817652972	-0.00570160532132957
367.319096844821	-0.00558107958393494
367.486353848433	-0.00592024175107249
367.653584767368	-0.00673289314853463
367.820788397862	-0.00754587085271439
367.987986537385	-0.00738305150438402
368.155163242509	-0.00722073727668626
368.322348358366	-0.00708405270546751
368.489542037995	-0.00697353090710382
368.656747132007	-0.00686308265845178
368.82393332967	-0.00548534562372332
368.991126903606	-0.0041204820061568
369.158301436408	-0.00375602202444174
369.325466726432	-0.00441874603551529
369.492611025643	-0.00506837720337447
369.659758559209	-0.00690639837326364
369.826893111796	-0.0087439275056077
369.994015697702	-0.00805450745543753
370.161125720172	-0.00482434152536557
370.328227981665	-0.00159331071514603
370.49532147655	-0.00226954558748239
370.662397110879	-0.00294606817453956
370.82947640823	-0.00297291792387366
370.996560293103	-0.00235036633396
371.163652386645	-0.00172806464211127
371.330744665513	0.000123906865208595
371.497847973332	0.00197587837252846
371.664959875433	0.00215146891433327
371.832070051104	0.000651066862233274
371.999181658035	-0.000849335189866719
372.166273934906	-0.00212037159303041
372.333353053468	-0.00340544100853561
372.50042160803	-0.0034732863018966
372.667481289434	-0.00233731484908777
372.83453648514	-0.00120134339627895
373.001594193338	-0.00193148147407369
373.168656020519	-0.00266134368812816
373.335714235651	-0.00422946814025183
373.502776006915	-0.00664863127469836
373.66983773408	-0.00905302482746279
373.836902118123	-0.00363289262511838
374.003988040489	0.00178566969185438
374.171079165612	0.00528496844113138
374.338183281316	0.00689321552244206
374.505291997818	0.00850224665805518
374.672424633362	0.00700130920197287
374.839560075295	0.00550114133683961
375.006711073242	0.00501441683606717
375.173875731799	0.0055544413176915
375.341049459022	0.00609480125108006
375.508222917946	0.00525794682916785
375.675402946793	0.00442057260317473
375.842581054779	0.00415061609789959
376.009760376352	0.00444819121824219
376.176941329813	0.00473229173029411
376.34412924296	0.00469174846320059
376.511321336492	0.00463769077374256
376.678520282742	0.00462417635137806
376.845731509526	0.00465089399023284
377.012946966542	0.00467792102649826
377.180176513214	0.00405602779995795
377.347413816069	0.00342070606751472
377.514656117923	0.00338017093769066
377.681906891571	0.00390712762540337
377.849169608664	0.00443378766428022
378.016453987956	0.00554056165744072
378.183764372887	0.00665995128837147
378.351085466937	0.00543068028508383
378.518412029025	0.00187936508378738
378.685730712823	-0.00168604339100239
378.853070600818	0.00158216067772543
379.020420333414	0.00484905341166531
379.187778088736	0.00544309162173284
379.355138104395	0.0033644078842067
379.522494620938	0.00128516792841534
379.689876161559	0.00601053006318307
379.85727081532	0.0107482140712099
380.024675614493	0.0124103696940081
380.192085761894	0.0109956250828471
380.359493772848	0.00958012282143628
380.526896793918	0.0113258141274725
380.694302744968	0.0130715649592576
380.861703947345	0.0133724811450241
381.029104132741	0.0122536887245553
381.196498932283	0.0111207704531599
381.363932147194	0.0115910830622742
381.531388276295	0.0120738544014915
381.698864154	0.0117621523291359
381.866360870622	0.0106679782207524
382.03387682513	0.00957301696459973
382.201431203194	0.00979954439879534
382.36900814094	0.0100265905199491
382.536608034143	0.0103096087315108
382.704215197592	0.0106629825960791
382.871832795337	0.0110029837074247
383.039462436605	0.00838118576871064
383.207097630814	0.00574548895898235
383.374736317784	0.00431305603691509
383.542388909876	0.00405602779995795
383.710049644273	0.00379903394587256
383.877687858269	0.00309746112502483
384.045324089658	0.00238173834430763
384.212970505337	0.00146219284495069
384.3806443263	0.000312991839842058
384.548343906014	-0.000834979707247039
384.716034492194	0.0012447377418765
384.883740622134	0.00332523413529559
385.051471467351	0.00408086840891781
385.219239667374	0.00349803073654705
385.387044386743	0.0029158935422553
385.554840476904	0.00149973454380342
385.722650163629	8.32023412122856E-05
385.890478050855	-0.000469942958922625
386.058327293822	-0.000146091980049276
386.226209119631	0.000163966837197885
386.394072470116	0.00027184071310695
386.561955252307	0.000393214393318719
386.72984687891	0.00052796309285845
386.897755647549	0.000676018570101261
387.065689876594	0.000837390296915138
387.233617528115	0.00105298418176728
387.401565846992	0.00125505100265979
387.569513169513	0.00118769539569562
387.73746706287	0.00082392007541184
387.905418918743	0.000460224094822805
388.073376306492	0.00198235912469543
388.241338686863	0.00349102393306477
388.409317418892	0.00389461022139744
388.577306106752	0.0031938255808683
388.745309140602	0.00249322811848024
388.913315120573	0.00206235374858646
389.081323411297	0.00161812262580449
389.249342119535	0.00163147937869268
389.417363771505	0.00206221601270761
389.585394392553	0.00250635813648362
389.753433847091	0.0024119558727342
389.921481999654	0.00231756621158839
390.089528200089	0.0024119558727342
390.257567439219	0.00268173565530877
390.425600099935	0.00295162351582053
390.59363084504	0.00244002064596812
390.761653552427	0.00192834941797196
390.929673690063	0.00198235912469543
391.097692139231	0.0026021631419432
391.265715172398	0.00322183472601357
391.433750645527	0.00305977244110199
391.601795630537	0.00289775342631794
391.769855365039	0.002789640562291
391.937924398399	0.00274905977560467
392.105999956919	0.00269520047936795
392.274114161311	0.00253260758529012
392.442237102976	0.00235700539203251
392.610390542723	0.00249089846542323
392.77855893324	0.00293443066632236
392.946748294462	0.00337784442767118
393.114920709712	0.00325767629543548
393.283092179542	0.00313744385250258
393.451240221027	0.00249239572448938
393.619355085424	0.00132196500517574
393.787437790114	0.000136966226426783
393.955495733271	0.00155214142116378
394.123530917817	0.00296806410678219
394.291557947391	0.00376394771564113
394.459585173993	0.00395270730998699
394.627618233612	0.00412770820133362
394.795648350043	0.00364260226213307
394.963682924096	0.00315743146756363
395.131726870773	0.0028201497439118
395.299779902627	0.00261755742734351
395.467844448204	0.00242849846101631
395.635918361857	0.0028192075741217
395.804010280992	0.00320964999450575
395.972114849186	0.00323617055563384
396.140234267186	0.00288544220068835
396.308373431912	0.00253463820633064
396.476541737651	0.00346292673268555
396.644737792736	0.00439059525662518
396.812956600628	0.00467234492832296
396.981192273643	0.00432213450979259
397.149444297033	0.00395851411252404
397.317727330911	0.00288101350174525
397.486023664797	0.00179090358877604
397.654341539493	0.00189811268784777
397.822677431615	0.0032288315685747
397.991027796742	0.00454605622980285
398.159397721147	0.00433038596141564
398.327781507115	0.00411477321450475
398.496170630543	0.0038056606014112
398.664559131758	0.00340292435332107
398.832951836236	0.00299988035808556
399.001346441909	0.00328217011950103
399.169748733932	0.00356422202429404
399.338159518432	0.00414192894489055
399.506582691321	0.00500179201729494
399.675024860724	0.00587458713122899
399.843472971661	0.0061836584963091
400.011935556166	0.00650616774682748
400.180386152331	0.0068708242792399
400.348825370237	0.00731732234219519
400.517243017837	0.00775124278252817
400.685651597894	0.00705356292646179
400.854044738558	0.00635508566510504
401.022432825056	0.00607324870227192
401.190821448553	0.00622173768739575
401.359210807248	0.00637024649287747
401.527621052247	0.00729822041070274
401.696039975371	0.00822649573655508
401.864473125305	0.00834763869455647
402.032908777485	0.00767564735518179
402.20134867247	0.00699001248971465
402.369782295891	0.00719341256634087
402.538212632315	0.00741036335147102
402.70664737344	0.00712798373895512
402.875080026587	0.00633366376775825
403.043520298104	0.00555233872697387
403.211965430697	0.00551192536279537
403.380412686086	0.00548534956118475
403.548870590496	0.00580867807412597
403.717334703265	0.00650922318549859
403.885814062623	0.00720928665829247
404.054290760435	0.0079243148201679
404.222776544933	0.00863953401864634
404.391269184734	0.00899047746346311
404.559765950949	0.00897760167768539
404.728269507605	0.00896472415107874
404.896780169926	0.00920793303475608
405.065298270198	0.00946465362819754
405.23382944062	0.00965336277061237
405.402371131812	0.00977467579073618
405.570926186801	0.00989598881085999
405.739509875018	0.00923365560754616
405.90810780822	0.00857216040938184
406.076725403026	0.00859853534390285
406.245358230823	0.00932612171044167
406.414007252166	0.0100537080769805
406.582680826094	0.0102679171484402
406.751368453097	0.010496240278144
406.920082965137	0.0100234117620332
407.088817386123	0.00885039831635376
407.257572835782	0.00767769815935544
407.426344484225	0.00810805975115854
407.595135606897	0.00855182776658027
407.763938494591	0.00884803411219271
407.932761436705	0.00900899951675619
408.101599238837	0.00916994340262854
408.270455276862	0.0096943189173037
408.439324834615	0.0102193067923455
408.608199857562	0.0102610609005354
408.777071634583	0.00980593739860242
408.94593415408	0.00935119495975309
409.114790719098	0.00982530954170145
409.283636539329	0.0102996772590417
409.45248046316	0.0108949074725491
409.621331458181	0.0115832138902587
409.790182306967	0.0122724324883658
409.959064962768	0.0140504065504274
410.127973625087	0.0158403267969269
410.29690033293	0.0159751190415089
410.465843086499	0.0144673793975971
410.634797183538	0.0129457536977507
410.803752554923	0.013528227599581
410.972723396849	0.0141090485106171
411.141696707724	0.014515581966399
411.310686242964	0.0147593568268642
411.47968148531	0.0150041672850964
411.648688474664	0.0155458834921531
411.817699762768	0.016088820178086
411.986728631397	0.0159684288169159
412.155771343715	0.015185640229413
412.324829563365	0.01440285164191
412.493924795179	0.0165184655699544
412.663056928533	0.0186184949483495
412.832221802906	0.0196546000507792
413.00141122118	0.019628935694454
413.170633148889	0.0195884682800419
413.339845084538	0.020176593165925
413.509066531947	0.0207516885354469
413.678298528299	0.021660531731521
413.847550562269	0.0228757724298666
414.016824013083	0.0240910131282122
414.186102175685	0.0215447711851344
414.355392650072	0.0189971655229076
414.524695842142	0.0193915472181922
414.694010291568	0.0227184677336661
414.86334528204	0.026046278578837
415.032675456294	0.0275188221609467
415.202015875369	0.0289792151726005
415.371370291529	0.0300153799780129
415.540747297021	0.0305992883671148
415.710152772137	0.0311811869883955
415.879565589765	0.031746647939804
416.049002359339	0.0322989443242032
416.21844893576	0.0319169261302733
416.387909006234	0.0306111538100213
416.557372794542	0.029306644073276
416.726842792819	0.0316778272592177
416.896321447834	0.0340509157676659
417.06578633657	0.035947007971908
417.235233384093	0.0374049115668844
417.404666565108	0.0388491406515057
417.574101806177	0.0389082094091991
417.743533449568	0.038978321928686
417.912961685994	0.0394758377346628
418.082400649187	0.0404071230643033
418.251832076234	0.0413448363897732
418.421272969444	0.039905097294529
418.590705280003	0.0384529397729188
418.760152062274	0.0375786680543269
418.929618056935	0.0372424452204349
419.099102626531	0.0369197845223253
419.268623630603	0.0361961793322404
419.438174662375	0.0354725741421556
419.607761054316	0.0356910209919925
419.777378263845	0.0368539984195664
419.947029826589	0.0380307869741035
420.116723787467	0.0383149599817347
420.286454690479	0.0385990946804467
420.456226834214	0.0377910302802929
420.626038118272	0.035890987125157
420.795891883145	0.0339889137266945
420.965770059295	0.0351651143800035
421.135684217529	0.0363278220650448
421.30562628227	0.0366852174745987
421.475600912815	0.0362073971264592
421.645610091603	0.0357408251145706
421.815643845251	0.0370128657133229
421.985716452836	0.0382825026383792
422.155819300921	0.0380777224891766
422.325953295456	0.0363712212458213
422.496116698116	0.0346783720124129
422.666320954164	0.0357930223788861
422.836561275684	0.0368937242951792
423.006838010572	0.0377100888159506
423.177148554356	0.0382423382152959
423.347492974605	0.0387609401941451
423.517876514281	0.0356035978945675
423.688285615778	0.0324629305488766
423.858748883669	0.0313880938792319
424.029264148766	0.0323822205009031
424.199837318682	0.0333754086151199
424.370471836035	0.0311258975675179
424.541160399008	0.0288804371908181
424.711908822655	0.0260634185940745
424.882709061125	0.0226777362069991
425.053561223684	0.0192952317481385
425.2244536435	0.018215020878888
425.395390860587	0.0171355335937323
425.566372633731	0.0168977507761864
425.737402034408	0.0175142790986836
425.908484824856	0.0181290114134024
426.079661100752	0.0138673687032833
426.250903530712	0.00961549031373385
426.422229122053	0.00694164376361103
426.593615514025	0.00585555590976059
426.765075431013	0.00477060026254882
426.936590584819	0.00564484958508073
427.10816697812	0.00651792913722659
427.279785435412	0.00612385191812053
427.451436696895	0.0044641596658815
427.623114213467	0.00281901919682197
427.794804880392	-0.000496360560729339
427.966511786592	-0.00381059975621361
428.13821238681	-0.00517136482190194
428.309907088124	-0.00457916811904757
428.481598989825	-0.00400002233102769
428.65329896465	-0.00773121989596909
428.82499627044	-0.0114609219355956
428.996688118285	-0.0153527903281688
429.168366139231	-0.0194352930655478
429.340027312406	-0.0235048701173693
429.511670259844	-0.0252157025342593
429.683290872873	-0.0269265349511492
429.854880585866	-0.027320847673304
430.026434486725	-0.0264252232562232
430.197953079975	-0.0255291190155441
430.369369957963	-0.0274843204636483
430.540713132194	-0.0294299265968059
430.711925864816	-0.036256603570789
430.88298245791	-0.0480052275553351
431.053875697368	-0.0597916283983338
431.224561551049	-0.0631706945490715
431.395044390657	-0.0665809123394922
431.565278829114	-0.0680394254379995
431.735234545945	-0.0675838547848473
431.904916386121	-0.0671115420551714
432.074287509872	-0.0711094134163095
432.243348635359	-0.0751318676488768
432.412074673898	-0.0776836166971262
432.580449896384	-0.0787567351488795
432.748480140524	-0.0798456296900638
432.916116510567	-0.0872788191810598
433.08336631689	-0.0947834014050952
433.250209075091	-0.100056747818257
433.416639782624	-0.103086690642586
433.582653251232	-0.106153857209038
433.748251699416	-0.107192408153903
433.913429219352	-0.108238195969208
434.078195926774	-0.109405829423732
434.242559083176	-0.110688591691144
434.406506994763	-0.111987512511294
434.57001297575	-0.114551379410215
434.733090713086	-0.117126903560931
434.895745134467	-0.117962979912712
435.057991363317	-0.117025206389888
435.219828414025	-0.116080622882417
435.381354335366	-0.115784947506448
435.542529683023	-0.115494452777032
435.70343757266	-0.114231321085134
435.86410857279	-0.112000337719339
436.02454103009	-0.109765232104645
436.184821977189	-0.109817607803043
436.344917183761	-0.10986999058801
436.504853715559	-0.108485579723352
436.664631106672	-0.105648581084887
436.824251752404	-0.102810384105417
436.983829854713	-0.10289646259539
437.143304454676	-0.102982220318978
437.302780390132	-0.100236575916155
437.462275011064	-0.0947080764081771
437.621811321967	-0.0891775769583721
437.781524034236	-0.084677402103199
437.941364821049	-0.0801975777948147
438.101441251637	-0.0761186009054122
438.261768627055	-0.0724807193600781
438.422362427717	-0.0688584028085113
438.583323087513	-0.05733517971855
438.744635358514	-0.0459452523237524
438.906378686244	-0.0379614969552636
439.068565371	-0.0333212358401572
439.231213186537	-0.0287381560289743
439.394285543201	-0.0194881446825505
439.557818440137	-0.0103591867388951
439.721753347699	-0.00478751165585411
439.88606126068	-0.00272455161157567
440.050742707428	-0.000679876444180906
440.215669218775	-0.000174563102660951
440.380892741938	0.000314146732186945
440.546284560115	0.000719470790658156
440.711812878912	0.00104299399776543
440.877475451014	0.00135223805621811
441.043221825329	0.00848634027685052
441.209071577876	0.0155956163385663
441.375008069879	0.0186560007276061
441.541016218808	0.0176780073844876
441.707091725911	0.0167020411855634
441.873189390893	0.0187768855632619
442.039331366902	0.0208522840260331
442.205481737062	0.0220172230042921
442.371638144177	0.022270000375481
442.537798230885	0.0225230118352505
442.703947954878	0.0272852938665122
442.870102898374	0.0320674359828574
443.03626357396	0.0341797969309295
443.202420911259	0.0336621650556908
443.368584710776	0.0331416143047968
443.534742672538	0.0357098010349291
443.70091208856	0.0382656600284687
443.867075613725	0.0393804858676548
444.03322980556	0.0390512402695024
444.199373903586	0.0387077827846556
444.365476163526	0.0427564928462284
444.531553299428	0.046819191310468
444.69759647935	0.0500889862968507
444.863600965732	0.0525660401418953
445.02956735973	0.0550540825483211
445.195471692962	0.0609982399489021
445.361335710789	0.0669792809407964
445.527111286985	0.071435617864556
445.692788326637	0.074384849110515
445.858367461477	0.0773505779900105
446.023798310796	0.0805932203562827
446.189103190126	0.0838709727502862
446.354217061285	0.0865242301457182
446.519122337617	0.088544045728443
446.683817608365	0.0905812315165923
446.848316263235	0.0936465605713684
447.012599075532	0.0967288144150524
447.176709608409	0.10052300316978
447.340648965901	0.105005925101385
447.504431476599	0.109529039766267
447.668065391911	0.111563547350105
447.831556130951	0.113604402822085
447.994938571524	0.11330503775301
448.158234014285	0.110621870345841
448.321434166311	0.107924500158372
448.484611956705	0.107658873008236
448.647732395538	0.107399542341615
448.810880502394	0.105822557694278
448.974072578704	0.102948891809846
449.137306148285	0.100057697156982
449.300769005731	0.0956469219459187
449.464371193971	0.0912507544394307
449.628247468422	0.0845361290845869
449.792422657508	0.0755298642057218
449.956884326643	0.0665818338326991
450.121821614281	0.0621237322755884
450.287154018405	0.0577080215069656
450.452949235759	0.0525990132018907
450.619206793877	0.046803640264942
450.785918317993	0.0410827000647615
450.953015350328	0.0372810688731139
451.120526574922	0.0335126801249012
451.288406717673	0.0314705433062295
451.456644555556	0.0311478592982433
451.625247710702	0.0308116006929421
451.794134279372	0.0298697544564691
451.963335662783	0.0289495572660313
452.132790467371	0.0268783482563722
452.302463346531	0.0236549418736065
452.472359450163	0.020459856876064
452.642413366635	0.0198106490018553
452.812646027215	0.0191500667563689
452.982998597446	0.0198460146841967
453.153448496223	0.0218957752339677
453.324005462879	0.0239409018460434
453.49458840801	0.0270874792646365
453.665237604711	0.0302316077414659
453.835911691653	0.0326466998338373
454.006625311102	0.0343268220805927
454.177366066047	0.0359955659705632
454.348111067297	0.0347861935765199
454.51886443009	0.0335646828702696
454.689604292704	0.0335691144134577
454.860328651181	0.0347991263137213
455.031030074814	0.0360330371722233
455.201726420643	0.0385946795320772
455.372408470848	0.0411451122773044
455.543084552517	0.0420089545300631
455.713748210179	0.0411729645168951
455.884401099949	0.0403224338069295
456.055022552553	0.0384282340648505
456.225618941557	0.036531219849217
456.396217592568	0.0336316070801374
456.566845177441	0.0297013804896309
456.737493368277	0.0257874449184311
456.90821088499	0.0222780165342635
457.078976337128	0.0187881927672202
457.249821313398	0.0177241744621202
457.420746661607	0.0190956309151271
457.591755915085	0.0204645029160888
457.762835197744	0.0159659755762081
457.933989575714	0.0114740786646218
458.105214278117	0.00838554874949735
458.276521661097	0.00668317612854408
458.447910587882	0.00497034783259307
458.619333321324	0.00624032359061303
458.790820367789	0.00750927888688491
458.96236126158	0.00804547842206583
459.133958575602	0.00787746203141089
459.305620276827	0.00769567780865915
459.477299399919	0.00603430454669774
459.64902184725	0.00437359753407481
459.82075764178	0.00394133151189272
459.992499196161	0.00473724386736235
460.164249724839	0.00554664626275518
460.336005019013	-0.000982467379443995
460.507763564536	-0.00751020609900022
460.679523852348	-0.00981522811598571
460.851300618556	-0.00787120692189116
461.023089707472	-0.00594170286767651
461.194875470722	-0.0133404111543927
461.366666475296	-0.020736745095299
461.538444937116	-0.0229586887264018
461.710223495619	-0.0200185242514914
461.881998648957	-0.0170656740915946
462.053748449317	-0.021446653924392
462.225485972919	-0.0258136050290631
462.397184523682	-0.029039668645328
462.568850546675	-0.0310943327665311
462.740476946053	-0.0331498202432917
462.9120488594	-0.0309242193759055
463.083581165717	-0.0286949115369263
463.255041921014	-0.0278211874730884
463.426427893411	-0.0282893844235533
463.597741248313	-0.0287563999291951
463.768872299095	-0.0379675468975324
463.939867597509	-0.0472236521712259
464.110695484407	-0.0526516599617768
464.281362175572	-0.0542330886918072
464.451868406883	-0.0558323499148644
464.622174615739	-0.0538248153554816
464.792311513754	-0.0517921631668702
464.962244139849	-0.0541962475475959
465.131966000071	-0.0610773423716987
465.30147572277	-0.0679678661408208
465.47078901918	-0.0673797001388267
465.639891936041	-0.0667939646755677
465.808813709997	-0.0662202798721111
465.977553920521	-0.0656635336864586
466.146109464769	-0.0651095482776817
466.314406895172	-0.0704692824388837
466.482475055398	-0.0758411226645112
466.650262205653	-0.0779379903247482
466.817762912961	-0.0767632216096256
466.98498264696	-0.0755625386408202
467.151895347745	-0.081480854583751
467.318501606724	-0.0874462296641762
467.484790614398	-0.0911918871504824
467.650764579035	-0.0927068591233391
467.816417534349	-0.0942440664505592
467.981771067397	-0.0952060095863024
468.146817066296	-0.0961658127922937
468.31158293881	-0.0966871052020877
468.476085854546	-0.0967312931498742
468.640321392627	-0.0967898833009283
468.804248278183	-0.100618401313419
468.967884364295	-0.104479670385772
469.131207344559	-0.105828302595857
469.294219589226	-0.104646214279601
469.456926252436	-0.103465805765548
469.619364693776	-0.102463611132822
469.781523822205	-0.101450710522015
469.943472536181	-0.101139904678109
470.105238365139	-0.10153400175961
470.266819169349	-0.10192831450744
470.428231653834	-0.100374383044322
470.589481841794	-0.0988191433102781
470.750570720535	-0.0970799159314686
470.911507766109	-0.0951209215571703
471.072286385446	-0.0931675995147748
471.232967375821	-0.0931286471357782
471.393519933556	-0.0930897191800368
471.554006736355	-0.0899226823208753
471.71446281407	-0.0836276482706901
471.87488569105	-0.0773554133354995
472.035413574829	-0.0725881702670712
472.195985370202	-0.0678703562728978
472.356739072451	-0.0652283324076241
472.517690940957	-0.0646465577256595
472.678854660313	-0.0640790871785496
472.840213154405	-0.0608105393399778
473.001803163649	-0.0575618222071908
473.16359825152	-0.0534044122863203
473.325600498334	-0.0483509200680854
473.487825515255	-0.0433159167319796
473.650351369401	-0.0396799982504543
473.813140369936	-0.0360796558899243
473.976187287704	-0.032547572668908
474.139462522434	-0.0290641224240071
474.302979475084	-0.0256142656380161
474.466676493146	-0.0236556837300507
474.630580866723	-0.0217063676438455
474.794655729621	-0.0194581056269935
474.958886267466	-0.0169410444798293
475.123292655933	-0.0144328227602753
475.287808075146	-0.0124335719771874
475.452470780038	-0.0104403066563297
475.617241343667	-0.00817057231328887
475.782123937935	-0.00562391392044003
475.947120027219	-0.00308440804512131
476.112180053352	-0.00373098138118455
476.277324477264	-0.00438994336574724
476.442524787999	-0.00533167103795001
476.607770878458	-0.00655611079847309
476.773063414932	-0.00777891279937649
476.938333720614	-0.00694373803584928
477.103610123864	-0.00609525819097847
477.268885521308	-0.00550132865546221
477.434168551538	-0.00516237454993666
477.599459792423	-0.00481016650617281
477.764746147555	-0.00621168441669092
477.930036046419	-0.00762649333725309
478.095312846516	-0.00790953813614196
478.260575186467	-0.00710131323093223
478.425824423706	-0.00627950015843142
478.59108581302	-0.00567137841487597
478.756346906457	-0.00505010852891981
478.921616011665	-0.00491439428499294
479.086895239873	-0.00526356513332392
479.252181312735	-0.00561259596514647
479.417482236898	-0.000792030247016504
479.582806018607	0.00402660429958398
479.748141250969	0.00689346285944517
479.91348136587	0.00781026862071753
480.078822488204	0.00872802458517094
480.244215926305	0.0104205293092469
480.409640211022	0.0121108688855899
480.575096201072	0.0110054333394414
480.740580122807	0.00710406915095737
480.906080103232	0.00318977622198163
481.071594175065	0.00851579758872104
481.237128419633	0.0138292925132719
481.402677038738	0.0168590190501448
481.568227799699	0.0176329104163442
481.733790001586	0.0183927283822841
481.899331989615	0.0188348644203083
482.064878694624	0.0192749528572332
482.230403807017	0.0229831216366959
482.395932142765	0.0299621453869585
482.561466923341	0.0369640062123452
482.72702506041	0.0375217515136214
482.892604607996	0.0380909834439365
483.058202187122	0.0394502064506655
483.223812978476	0.0416040176929384
483.389442937452	0.0437745361632815
483.555084582579	0.0443082834345726
483.720743912968	0.0448533627580444
483.886416998369	0.0442455795729157
484.052108911068	0.0425069233655396
484.217813965562	0.0407661590186953
484.383536458163	0.0419328654067106
484.5492833596	0.0430980810251651
484.715052641664	0.0436928895730794
484.880841399157	0.0437329264201074
485.046657483923	0.04375643637576
485.212493818549	0.0428392423388088
485.378346034228	0.0419238735825558
485.544215250737	0.0410619894999443
485.710086513087	0.0402591038327748
485.875963746052	0.0394550179949242
486.041858151315	0.0398866008257704
486.207762065873	0.0403323280756179
486.373679154876	0.0411509988794887
486.539602884075	0.0423737148303769
486.705537480571	0.0435982329467162
486.871534015637	0.041856588905893
487.037559974841	0.040101231132465
487.203637852671	0.0390616203044571
487.36976961667	0.0387213638830878
487.535951866318	0.0383947780046229
487.702200505902	0.0383621727971123
487.868507193179	0.0383432888392905
488.034886804634	0.0394734698299828
488.201350460248	0.0417626817999559
488.367898427831	0.0440366485755336
488.534519748862	0.0403155827475628
488.701208929358	0.0365984849775006
488.867943605954	0.0381101995855666
489.034724853701	0.0448510390110566
489.201558992062	0.0515964191535778
489.368413552265	0.0538121308507835
489.535309927705	0.0560270414254395
489.702220574791	0.0560136819672714
489.869144585982	0.0537634451742047
490.036075720208	0.0515095433084002
490.203049570987	0.0522700788877854
490.370053132154	0.0530137783578477
490.537096676597	0.0530179129837383
490.704189510887	0.0522746689760768
490.871319386458	0.0515345029418174
491.038502517268	0.0519446123577656
491.20573623788	0.0523651325379774
491.373021783301	0.0516140251138285
491.540358959243	0.0497046020105542
491.707750299323	0.0477776440323338
491.875209853328	0.0485845674416414
492.042732747732	0.0493774880506483
492.210340283453	0.0473076483176113
492.378023418598	0.0423987011569688
492.545781311545	0.0374799597565718
492.713651709195	0.0354248905318413
492.88161306139	0.0333734116018719
493.049693765796	0.0324609126181579
493.217899273065	0.0326705901393067
493.386229655472	0.0328934652014468
493.554658496618	0.0288974026906203
493.723189128852	0.0249231382724539
493.891845671995	0.022556902532429
494.060643349353	0.0218098238692428
494.22957582836	0.0210530196684774
494.398653765304	0.0209811576182064
494.567879702915	0.0209094846284421
494.737230401511	0.0195134236822002
494.906689262941	0.0168254126633033
495.076261269121	0.0141283120954271
495.245891425883	0.0108473420127751
495.415602981506	0.0075698139068982
495.585366257666	0.0051883099074768
495.75518498187	0.00371398685601263
495.925054791894	0.00224143663538691
496.094959062419	0.00184950972345444
496.264905458033	0.00147137519846043
496.434869351008	0.00116114096906565
496.604847784791	0.000931993118788117
496.774832391987	0.000689448125435935
496.944828302138	0.0028452135196051
497.11483254838	0.00500069086715437
497.284850522497	0.00739837659608692
497.454885164569	0.0100247510293948
497.624939397764	0.0126507745553071
497.795019291199	0.00845984016746001
497.965109357341	0.00427087013715901
498.135211763789	0.00379931605222076
498.305319340305	0.00704480915918456
498.475432995114	0.0102914232105479
498.645551760535	0.0118687088354715
498.815674656978	0.0134464158631747
498.985813538269	0.0144432788462444
499.155974213233	0.0148588982537437
499.326157076617	0.0152609389671616
499.496382682891	0.0143672837183058
499.666641919915	0.0134742242940196
499.836925234172	0.0121671218364459
500.007222627215	0.0104453573027189
500.177532203734	0.00872336280152585
500.347847956509	0.0106621032198261
500.518171957728	0.0126011025532719
500.688505392895	0.0137326871868559
500.858837778921	0.0140585730100116
501.02918022596	0.014397094139893
501.199570260029	0.0116850198890723
501.369983356198	0.00896202544735165
501.540297007683	0.00792325609211268
501.710433498228	0.00854335883708471
501.880401536747	0.00916679909690394
502.050127328199	0.00817520540789799
502.219615203564	0.00719058807951845
502.389329016753	0.00670832361939792
502.559507910481	0.00673196948331455
502.730143482035	0.00675541948006048
502.901009608794	0.00533671531546234
503.072333429025	0.00391240301710282
503.243924223745	0.00246797117515079
503.415796568877	0.000979567683645554
503.587951625104	-0.000497856203941953
503.76059204666	-7.6314807248483E-05
503.933626437653	0.000327258356647483
504.10706089966	0.00061037741003709
504.28085793076	0.0007885028707788
504.455014887238	0.000952412548909339
504.629487747702	0.00272707218470369
504.804281102192	0.0044756159597936
504.979447184009	0.00542026059679237
505.15500231005	0.00558304924719891
505.330957490012	0.00573124373554678
505.50728270698	0.00530589458165342
505.684004478096	0.00487174806668834
505.861103978079	0.00497422130063109
506.038579178353	0.00558187868447925
506.21643346063	0.00619643330014192
506.394638826338	0.00522869278147585
506.573213127134	0.00428068370979865
506.752134213723	0.00377770719738881
506.931412828588	0.00372591068715453
507.111043533595	0.00368654820106574
507.2910505979	0.00368252333907285
507.471428620743	0.00367826735104629
507.652168845696	0.00303286831555669
507.833259117514	0.00176597857493161
508.014711513761	0.000508969251789035
508.196494496395	0.00127045421689037
508.378627785531	0.00201423681527284
508.561112088044	0.00267028502453786
508.743956131089	0.0032393953304157
508.927165950561	0.00380353371608133
509.110608337716	0.00276776478843092
509.29435763358	0.00172587516244699
509.478052733189	0.00203744622290461
509.661562996763	0.00370765145213336
509.844873891213	0.00537976450049108
510.028120523201	0.00508282849954231
510.211156648345	0.00478567151663447
510.394345945025	0.00426763680549032
510.577781821166	0.00354603062599549
510.761476929217	0.00281859039498533
510.945642586715	0.00348962825187513
511.130222844148	0.0041423481652983
511.315112779783	0.00409413702178304
511.500222601499	0.00336348531616124
511.685553980454	0.00263506333145193
511.871051831769	0.00411926088379159
512.056704306929	0.00559801755884244
512.242622636548	0.00616544182503733
512.428860324703	0.00583843417750737
512.61541434541	0.00550289854765963
512.802239225222	0.00567530257346622
512.989383689497	0.00583559022331535
513.176766809634	0.0058977107039311
513.364372361614	0.00585148633519829
513.552200269599	0.00580545356553361
513.740319935199	0.0051843148723017
513.9286874778	0.00456710398194554
514.117345375243	0.00387758377629442
514.306282009348	0.00312767994788856
514.495507340289	0.00238219161728184
514.684969672917	0.00197664187388186
514.874692855046	0.00158397679812098
515.064665116758	0.000742406892857219
515.254890392767	-0.000554780641430743
515.445372644167	-0.00183379014705449
515.636093487014	-0.00140315829628693
515.827072290207	-0.000974758914901988
516.018279883516	-0.00051702216359035
516.209711457976	-8.80857038604021E-06
516.401367564037	0.000486468331025839
516.593315977601	0.000810538483510647
516.785508487346	0.00113267988703124
516.977961410501	0.00117132179734054
517.170650198787	0.000928897132055517
517.363571861947	0.000687675152094651
517.556766517347	0.000416230538009697
517.750198770418	0.000146378522443349
517.943877031199	0.000372723865133922
518.137783247401	0.0010915846253784
518.331926317191	0.00180698848151459
518.526290124803	0.00188454008410835
518.720877462632	0.00196171695117979
518.915709574597	0.00167150328934291
519.110801870387	0.00100676157296698
519.306150915662	0.000355982528173875
519.501717491189	0.00139540772109954
519.697529782138	0.00244010654192299
519.893578434831	0.00372060728309043
520.089878666415	0.00522415795550208
520.286424120732	0.00671995362381516
520.483196394177	0.007113464714003
520.680198632754	0.00750601347673651
520.877447402146	0.0078647861319712
521.074945736643	0.00818028030843175
521.272691310503	0.00849453680621922
521.470670494917	0.00835642283385426
521.668899295029	0.0082086337757549
521.867361022669	0.00779678666387157
522.066068377032	0.00711218408547099
522.265015176017	0.00643098002732562
522.464173883364	0.00593034945514304
522.663560126713	0.00544157543691798
522.86316829256	0.00527417309024506
523.062993156232	0.00542663367753358
523.263045698208	0.00558772410012479
523.463371716682	0.00554310029007142
523.663954950338	0.00548880266849979
523.864800617619	0.00529220492726649
524.065908321007	0.00493500009791228
524.267269551285	0.00457987893806748
524.468821226751	0.00366863348261854
524.670589274586	0.00275136897444707
524.872575911627	0.00236677790504166
525.074786699204	0.00252139712646962
525.277227218892	0.00266583539509583
525.479865088561	0.00263229733445848
525.682721856498	0.00259888842602167
525.885769535965	0.00174221319522766
526.089008905899	6.69320264945982E-05
526.292435348758	-0.00160183863310908
526.495531929529	-0.000756096280352851
526.698563425576	0.000104793436615751
526.901230910739	0.000303009725756096
527.103517599366	-0.000178154959230886
527.305428384934	-0.000653785926393435
527.507535710543	-0.000946259371421015
527.709544151319	-0.00124697920664297
527.911848024337	-0.00120543021047958
528.114490826346	-0.000843704605866988
528.317481111952	-0.000484839107148727
528.520759459849	-0.000697874710298182
528.724379588218	-0.000900334442557004
528.928252198361	-0.00106491364467671
529.13234748304	-0.00119223029043763
529.336670670829	-0.00130977510368384
529.541078604419	-0.00144701273452165
529.745630459162	-0.0015840072166083
529.950244480316	-0.00224623087974145
530.154903095848	-0.00343326822904271
530.359602204557	-0.00462884840592287
530.564283716068	-0.00352476986596641
530.768965111447	-0.00241124996351862
530.97363586495	-0.00218126391511455
531.178297920834	-0.00282597074910397
531.382950532698	-0.00346146748546498
531.587589377036	-0.00254073840516859
531.792220927406	-0.00161980583894554
531.996845766044	-0.00112241266524438
532.201461269263	-0.00105798262006046
532.40607022169	-0.000984331793834149
532.610700193901	-0.000486686598835639
532.815332876237	1.0739320449488E-05
533.019967957693	-0.000256353510774702
533.224582648552	-0.00127902757736442
533.429181143612	-0.00230226673332268
533.633642250874	-0.00208397991016445
533.838025570884	-0.00186498359895984
534.04219396453	-0.00145230726610571
534.2461048909	-0.000852993520679102
534.449761790708	-0.000240690786841223
534.652786698559	-0.000204752206921838
534.855341292023	-0.000158907171473361
535.057413135269	6.79868291504486E-05
535.259075731942	0.000496643137390653
535.460329331204	0.000928291984657268
535.661184078604	0.00052923897145583
535.86168268988	0.000126823503333857
536.061842300283	0.000842586268379523
536.261713637954	0.00268665671720026
536.461285254724	0.00454124403753258
536.660517050252	0.0026065351579275
536.859436462982	0.000647923654974319
537.058018984397	0.000384909055913527
537.256258152842	0.00182630124564511
537.454166390559	0.00327791290673163
537.651746102389	0.00302120850780427
537.84899698474	0.00276268271862269
538.045932191652	0.00246202705455795
538.242567554762	0.00212871040915806
538.438897287724	0.00179326245296701
538.634860581256	0.000567544246267456
538.830491144307	-0.000657716700002763
539.025802315437	-0.000904278210403072
539.220824642937	-0.000161640177211956
539.415545413549	0.000595549982383821
539.609916611609	0.00119398510524853
539.803968578361	0.00180746230437545
539.997717729344	0.00189632535723361
540.191187907907	0.00145514725424493
540.384378574066	0.00101152480306916
540.577175617502	0.000430392756526897
540.769659304203	-0.000166238694286181
540.961813735283	-9.3075675793712E-05
541.153691054941	0.000667337266825049
541.3452839141	0.00142130418803708
541.536533987801	0.00250073239752657
541.727485574409	0.00357791287479207
541.918147111587	0.0037717150643535
542.108542170199	0.00307308375373336
542.298669929098	0.00235991319197685
542.488374718499	0.00331231306269945
542.677754620719	0.00428434023858632
542.866245692701	0.00467836758111952
543.053613823698	0.0044827669500932
543.239859290815	0.0042805490718955
543.42624440662	0.00425165970031439
543.612018063182	0.0042115644466984
543.797553539462	0.00441556862892941
543.982669824777	0.004856531037833
544.167364541134	0.00531501705909535
544.351866285353	0.00589074297353511
544.53597005656	0.00646908936438611
544.719723953947	0.00634507961157471
544.903043230742	0.0055212961741781
545.085929809933	0.00468753146905876
545.26850793768	0.00426952720059979
545.450669114875	0.003848698413657
545.632507044254	0.00330670670296755
545.814007531327	0.00261834166818532
545.995172603589	0.00193634303493027
546.175908090273	0.00229414615530119
546.356252089854	0.00265571582094283
546.536234084855	0.0022552807310875
546.715885376544	0.00108396226252511
546.895199322517	-9.55742661123867E-05
547.074058373156	0.00132678469836851
547.252533990941	0.00275246505825472
547.43064344981	0.00353271940224081
547.608424728205	0.00366904949559349
547.785880523134	0.00380628881344706
547.962907167189	0.00284803418515355
548.139576523348	0.00187980922236538
548.315869517913	0.00141994568813676
548.491818629647	0.00146351019023231
548.667415725539	0.00150749675302294
548.842655946755	0.0021803706920392
549.017566923155	0.00285875067748764
549.192119411184	0.00329757718720941
549.366332485778	0.00350609304810712
549.54019823114	0.00370330314526788
549.713715783393	0.00280300930360451
549.886897785258	0.00188155730750133
550.05973593066	0.00165185228799376
550.232246815865	0.00209580763064838
550.40442543825	0.00253004452477729
550.576230318978	-0.00144126060992707
550.747684762615	-0.00546224925366531
550.918802510821	-0.00529580491229116
551.089609199258	-0.000904250692142604
551.26010883335	0.00353275703947063
551.430223973544	0.00457322928704918
551.600004096675	0.00562377011897044
551.76944514553	0.00694251386858921
551.938580953267	0.00852963866142445
552.107402061732	0.0101290340048616
552.275851722921	0.0102337209518747
552.443970441766	0.0103393032942779
552.611753225517	0.0106799552998711
552.77921404484	0.0112449529352141
552.946361400963	0.0118135530292961
553.113160434412	0.0122232600660163
553.279643816714	0.0126357028500311
553.44580123159	0.0131783420934873
553.611643981006	0.0138380937215819
553.777177942872	0.0145021293041421
553.942349029805	0.0145425876278798
554.107194966531	0.0145822527502486
554.271711303185	0.0156892578936735
554.435921374699	0.0178753388850612
554.599824151449	0.0200787660222927
554.7633634215	0.0176036036431849
554.926577543301	0.0151176669152141
555.089454865554	0.0139995450897074
555.252017161955	0.0142831942124317
555.414261845109	0.0145539160955616
555.576151124771	0.0147459857765349
555.737722858864	0.0149376200454863
555.898966964496	0.0158328810354781
556.059911619264	0.0174533091399114
556.220552544896	0.0190711411522892
556.380822164186	0.0227792687583305
556.540771687517	0.0265080779162551
556.700384432036	0.029541172979788
556.859694271909	0.0318267587259926
557.018694495237	0.0341471568510524
557.177335035868	0.0326671704587962
557.335644201224	0.0311576634281649
557.493629047708	0.0336863852016818
557.65129929383	0.040297023959827
557.808664421908	0.0469493375476133
557.965694193122	0.0470375199002501
558.122409707383	0.0471096069746672
558.278767253617	0.0470804248031692
558.434766190692	0.0469412533552057
558.590400528621	0.046799838133883
558.745693218876	0.0497869135760072
558.900631992329	0.0528041893815046
559.055244978535	0.0512724019454925
559.209546945742	0.0451181249589996
559.363528469592	0.0389067803612261
559.517123887833	0.0430273769761913
559.670375504168	0.0471775035880952
559.823281724775	0.0498721439326363
559.975866958769	0.0510627600374756
560.128128477167	0.052246397056396
560.280004820904	0.049625056077234
560.431540002608	0.0469686533540449
560.582722121463	0.0453650054715334
560.733574807587	0.0448478816076597
560.884089222736	0.04432870408505
561.034227781458	0.0460123426352856
561.18401235177	0.0477183291158752
561.333444165826	0.051436952520454
561.48253590655	0.0571785686911709
561.631289206017	0.0629780028596646
561.779667448034	0.0614479511018148
561.927693548554	0.0598989816332967
562.075336167671	0.0572820402472538
562.222596000086	0.0535732465245696
562.369468450006	0.0498001568842013
562.515987884016	0.0570220829388182
562.662134399693	0.0643088322553499
562.807915620198	0.0656093822761675
562.953321162398	0.0608198993337346
563.098343514658	0.0559765699176887
563.243035767479	0.0643456575122191
563.387364231955	0.072788295361993
563.531320620739	0.0765866439988107
563.674876539778	0.0756094110296162
563.818033453889	0.0746377140437774
563.96083948582	0.076434524490792
564.1032587889	0.0782298810333861
564.245249487767	0.0779176057520275
564.386772124689	0.0754318290877872
564.52782539885	0.0729037985992243
564.668577018409	0.0779766506442094
564.808918377124	0.0831048254378949
564.948893972555	0.0842080636096911
565.088458998243	0.0812523173206929
565.227622961476	0.0782249143195627
565.366320567008	0.0853221185742911
565.504567146122	0.0925223731851887
565.642369671297	0.0983429555646664
565.779737475236	0.102770318176382
565.91666881172	0.107255609502947
566.053107683988	0.107986740789097
566.18908460832	0.10872608666249
566.324549264639	0.108224843657212
566.459497253215	0.106419289586743
566.593924343925	0.104602646058366
566.727904177176	0.109765074132991
566.861393838232	0.115022330099297
566.994425979924	0.117708394259321
567.126995876867	0.117814850830573
567.259101545175	0.117919656839629
567.39068923193	0.120276550579906
567.521780752887	0.122644061556137
567.652388426605	0.119472444590485
567.78252595924	0.110600521819629
567.912196574287	0.101622714190591
568.041619886984	0.10423613358316
568.170696395585	0.106883856376273
568.299589836946	0.104355186725719
568.428330781949	0.0966531990458437
568.556923057067	0.0889017614263816
568.685562862135	0.0882819732289144
568.814165549641	0.0876636992094251
568.942868111446	0.0865893065161859
569.071691558798	0.0851476231497383
569.200638122347	0.0836891555361219
569.329806779319	0.0692174145191028
569.45916194552	0.0548705915815583
569.588765335236	0.0479727091646431
569.718613685548	0.0484168563542837
569.848711862621	0.048856419145632
569.979179851565	0.0446930786509031
570.109962359327	0.0405581167826976
570.241085830694	0.0354845330826964
570.372541945747	0.0294306737784992
570.504325055983	0.0234676585346197
570.636359601942	0.0113078166949358
570.768683327151	-0.000751265101738514
570.901226875182	-0.00865007084626276
571.033978469622	-0.0124458393971732
571.166931661457	-0.016243677222514
571.299935873698	-0.0113263672918834
571.433053599852	-0.00639262631355712
571.566194894662	-0.00445343292936968
571.699354790757	-0.00543309615983567
571.832525617329	-0.00641315094391654
571.965716723614	-0.00314547192451331
572.098915861952	0.000143806380414458
572.232130430388	0.00172926895508717
572.365365867124	0.00163542922554346
572.498619514125	0.00154165534000244
572.6318773223	0.00279959848281068
572.765152216056	0.0040802578482146
572.898412210245	0.00317236250671338
573.03164518121	7.38069407723254E-05
573.164860609077	-0.00305162141638102
573.298038821096	0.00481123280958737
573.431179024022	0.0126590380761122
573.564282567727	0.0216579285014369
573.697358308051	0.031778086333721
573.830390668892	0.0419054926963769
573.963425861628	0.0464462074183323
574.096445246338	0.0509558894575869
574.229432422184	0.0506334279673054
574.362381437706	0.0454730319963163
574.495291855988	0.0402838007814493
574.628128497213	0.0400384954887682
574.76090204608	0.039816161316048
574.893641618994	0.0352119255011993
575.026370526073	0.0262308400402064
575.159098676757	0.0172545595292478
575.291879222018	-0.00219440236506547
575.424711326107	-0.0216325208537263
575.557617033677	-0.0386085875350674
575.690603419789	-0.0531757199701485
575.823671816222	-0.0676998885641005
575.956729204414	-0.083341472798183
576.089824979482	-0.0989959087075721
576.222881074582	-0.108661359842077
576.355873003431	-0.112312540782382
576.488803125142	-0.116002427644478
576.621554416808	-0.105157462937082
576.754172289357	-0.0942245991733342
576.886572656573	-0.0893373135110846
577.018746593386	-0.090577787215187
577.150695991611	-0.0917964811667956
577.282175938403	-0.123911506188996
577.4133205462	-0.156552824129295
577.543998723314	-0.172692524486944
577.674208496904	-0.171892705149157
577.803937235615	-0.171112866873799
577.933017627834	-0.167820243004533
578.061528596345	-0.164449128331822
578.189480750819	-0.166045184964928
578.316927945324	-0.172712834752403
578.443863737234	-0.179512020742316
578.570372102545	-0.171941329438484
578.696435121735	-0.16420619344643
578.82217346291	-0.162360581135938
578.947656705456	-0.166445898743421
579.07286203566	-0.170618904490997
579.197880133274	-0.168635299900746
579.322693929973	-0.166621733074329
579.447380880199	-0.16649086961477
579.571980454878	-0.16818452999899
579.696491453549	-0.16989155771494
579.820918113304	-0.170916805051684
579.945272719596	-0.171971470228944
580.069538151813	-0.171220406189152
580.193711207978	-0.1687127708994
580.31778886369	-0.166199779173328
580.441946737349	-0.16240030776311
580.566093274826	-0.158589038227512
580.690271263795	-0.158623649367891
580.814449334701	-0.162477283798944
580.938625558027	-0.166299965800762
581.062731267084	-0.159827536930742
581.186787262164	-0.15332412112171
581.310895276889	-0.147803718578987
581.435110907384	-0.143255209752415
581.559436113289	-0.138768666578914
581.683863555558	-0.137971481139725
581.808423481679	-0.137205116234504
581.933037947075	-0.137162081725814
582.057688069677	-0.137825131420889
582.182368394253	-0.138486173049829
582.307161025695	-0.136631633762852
582.432013285969	-0.1348147765689
582.556941877014	-0.134779294848476
582.681927286727	-0.136590773023976
582.806960686378	-0.138381068826453
582.932085661438	-0.12927124219889
583.057276127351	-0.120213457525439
583.182570842998	-0.115842521109827
583.30797871953	-0.116054873132559
583.433500575134	-0.116280355275608
583.559119265814	-0.115225871219571
583.684841924017	-0.11418783852129
583.810655686287	-0.111002906033383
583.936552091349	-0.105698402783393
584.062536338943	-0.100421824745056
584.188604157853	-0.0972420757771386
584.314762191003	-0.0940447860841962
584.441029951237	-0.0917455774861762
584.567426356069	-0.0902795981624479
584.693948854496	-0.088798263773186
584.820556954507	-0.0877335253432137
584.947277504104	-0.0866490215938255
585.073987974372	-0.0903373377979215
585.200634495925	-0.0987751168388015
585.327203321137	-0.107205273091438
585.453723457117	-0.103377568318954
585.580153987753	-0.0995387430064267
585.706549214306	-0.0978553923326889
585.832913038237	-0.0983235694997204
585.959243973273	-0.0987906666191364
586.085431479643	-0.103695405529578
586.211520998343	-0.108618037450757
586.33750582681	-0.108778039849593
586.463410694927	-0.10417373136343
586.589233512742	-0.0996101392495563
586.715082278447	-0.0982391263601784
586.840908786059	-0.0969070731237202
586.966678178002	-0.0985865124143082
587.092339037179	-0.10326271472291
587.217888244374	-0.107970596397016
587.343223553966	-0.10429931079344
587.468385540532	-0.100605320452165
587.593422606505	-0.0972912482778237
587.718380069162	-0.0943211889179103
587.843260201875	-0.0913819758563718
587.96807189316	-0.0949985634702775
588.092829300079	-0.0986022333189419
588.217452489501	-0.102079091598303
588.341915411519	-0.105454762665976
588.466210799273	-0.108838955234478
588.590497247473	-0.100864970219936
588.714693813245	-0.0929432511053018
588.838972464028	-0.0805269186813332
588.963397207036	-0.0637115958672116
589.087975796057	-0.0470424245281422
589.212937253346	-0.0299364975879498
589.338209135904	-0.0130665371854628
589.463879247028	-0.00713909301079902
589.589931235589	-0.0119597174761462
589.716362237254	-0.0166939509787009
589.84308633245	-0.00732000290109883
589.970160029633	0.00193787650069948
590.097532063241	0.0111074682520576
590.225199614831	0.0201519829740978
590.353170511438	0.0291212060125213
590.481263370474	0.0189432419933706
590.609533506247	0.00879889585576083
590.737865272492	0.00663550821614402
590.866230432102	0.0124092246203661
590.994641122998	0.0182061286406694
591.123037456752	0.0338178402247078
591.251464392292	0.049433712663776
591.379903213133	0.0520531439889749
591.508338955718	0.0416250142724446
591.636767523038	0.0311776410194347
591.765146567587	0.0295635953969103
591.893506446913	0.0279403487950498
592.021820519977	0.0306153036528333
592.150110059923	0.0375750498932165
592.278382820428	0.0445467960939509
592.406621744113	0.0487137473296076
592.534855505263	0.0528830903520662
592.663067218942	0.0524782499210158
592.791261843348	0.0475015900991825
592.919430903919	0.0424898958156187
593.047596929511	0.0557684414853523
593.17576610757	0.0690812679626091
593.303922223911	0.0744425376307656
593.432051028438	0.0717674310320402
593.56014640894	0.0690817377135736
593.688244494505	0.0781617688352385
593.816329983287	0.0872498789817602
593.94439719922	0.0877706852049245
594.072415352305	0.0796837577732292
594.200378077325	0.071557637029059
594.328293990876	0.0752595317010951
594.456160839561	0.0789935050500555
594.584009236507	0.0806634216638173
594.711867744744	0.0802843051709278
594.839721804445	0.0799115515552927
594.967595441206	0.0831652204825277
595.095488360441	0.0864258382097588
595.223420888354	0.0859790613959899
595.351404471293	0.0818343285507844
595.479420991575	0.0776770464443082
595.607511052374	0.0727800582116586
595.73565066696	0.0678588274630057
595.863871844689	0.065096085996507
595.992184347488	0.0644682541090628
596.120587173408	0.0638413047929529
596.249196846333	0.0560004790371122
596.377949463916	0.0482241001634002
596.50688517783	0.0420079663814024
596.63598896373	0.037388859730184
596.765259299115	0.03276546769244
596.894732771156	0.0285445279490803
597.024386719919	0.0243222206715152
597.154218785746	0.0216259681126945
597.284219809089	0.0204171846892725
597.414388672671	0.0191902993090815
597.544700678831	0.0217891067891257
597.67516612729	0.0243538274328815
597.805721841422	0.0292116749758051
597.936349671023	0.0363428558776438
598.067047521523	0.0434753546912659
598.197752455543	0.0426529018498087
598.328479696878	0.0418060744523407
598.459212913409	0.0450490861870237
598.589963380997	0.0523367717976031
598.720728780199	0.0596596863589034
598.851480283161	0.057956113957059
598.982229519226	0.0562253103479197
599.112944551508	0.0572444947758792
599.243630672006	0.0610146100608911
599.374279617032	0.0648010970985421
599.504924062751	0.0658836521331901
599.635545425159	0.0669920179030779
599.766155081105	0.0685361413911012
599.89675125848	0.0705653795946863
600.027334812436	0.0725754497614881
600.157877324899	0.0752194631847106
600.288393440037	0.0778479683454117
600.418879211991	0.0772173710241647
600.549331077142	0.0733206214175434
600.679748268433	0.0694133787942999
600.810145954075	0.0727834897076465
600.940525719049	0.0761545794775299
601.070911156604	0.0762811394123603
601.201323693135	0.0731189858921401
601.331755176713	0.0699797649592283
601.462188875553	0.0701501792548243
601.592640424186	0.0703208193394546
601.723109222616	0.0704004622844292
601.85360807742	0.0703585332977521
601.984128224035	0.0703469965180828
602.114681264456	0.0682853264938612
602.245262668388	0.0662229180800097
602.37590352357	0.0649935017133512
602.506613853396	0.0646280093946758
602.637400996183	0.0642573445901855
602.768221445004	0.0646184536988969
602.89910450885	0.0649795628076083
603.030044497634	0.0654857944058881
603.161051982866	0.0661604866598837
603.292126726575	0.0668341992014792
603.423262171556	0.0657234797566871
603.5544706697	0.0646079818971947
603.685719262968	0.0645964596747561
603.816999805234	0.0656883162744558
603.948317607866	0.0667746056251271
604.079647645296	0.0665282993587233
604.210997281302	0.0662818588541447
604.342370949888	0.0654949615114582
604.473762076875	0.0641793358373427
604.605174908707	0.0628394462765462
604.73661001609	0.0655365252373782
604.86806248736	0.068216138922113
604.9995084161	0.0708562025859623
605.130942673361	0.0734229587201092
605.262360057096	0.0759942739598063
605.393741599858	0.0780777025636428
605.525092547951	0.0801414156305929
605.65639061563	0.0808534753089652
605.78762111768	0.0801677046949521
605.918790999957	0.0794723547298411
606.049795316129	0.0837130752831744
606.180682838477	0.0879801183733747
606.311419177178	0.0942891619525523
606.442010656578	0.102679598748639
606.572463229226	0.111106646091821
606.702825654632	0.107765887091447
606.833068513651	0.104421673881663
606.963264913205	0.0998681281305422
607.09342314375	0.0941293195292518
607.223546303053	0.0883842569281393
607.353689637935	0.0863205089151633
607.483832864093	0.0842323686659177
607.61401561797	0.0852586772649725
607.744237391097	0.0893607805700002
607.874502921473	0.0934576701192627
608.004906769481	0.0799334475721493
608.135400835655	0.0664429807253383
608.266083836937	0.0596625339331379
608.396982205492	0.0595243082079636
608.528100851895	0.059381374795623
608.659382683068	0.0590031963234561
608.790864958448	0.0586078692668545
608.922530649782	0.0526160635442612
609.054376210543	0.0410908741294454
609.186411826597	0.0296106674084937
609.31861306353	0.0283805378754814
609.450995973161	0.0271570720893955
609.583519922553	0.0260469698317042
609.716160512422	0.0250762331235085
609.848928411478	0.0241065911907059
609.981796498391	0.022218749762662
610.114770086601	0.0203608640042912
610.247835610625	0.0192915197641142
610.380993015522	0.019052081220671
610.514239542545	0.018813299828894
610.647550847081	0.0178292126604788
610.780937684714	0.0168471979497801
610.914383815883	0.0158921184785089
611.047875715682	0.014966285096331
611.181418759246	0.0140417527903434
611.314988607864	0.0146446230103108
611.448593317696	0.015246960951124
611.582208558463	0.0149867574780072
611.71583701879	0.0138852300753895
611.849467894933	0.0127616137498883
611.983111947178	0.013344480171266
612.116761032716	0.0139037406941151
612.250420472083	0.0156092232459397
612.384079337196	0.0184401767211138
612.517742875184	0.0212711301962879
612.651405639262	0.0207096187631955
612.785067586948	0.0201715036398153
612.91873943541	0.0206357961316304
613.052437246369	0.0221212105377049
613.186155467944	0.0235816864357797
613.319867609606	0.0129038746951708
613.453593129721	0.00222418366987843
613.58732940536	0.000821742351360549
613.721089499322	0.0086920003053474
613.854870243092	0.0165772968418633
613.988672216877	0.00630422661141853
614.122501424088	-0.00393829414692444
614.256342270072	-0.0145259408132871
614.390184506257	-0.0254197044843489
614.524036656975	-0.0363355156165793
614.65790414049	-0.0416424924921639
614.791781472586	-0.0469466699888959
614.925633387552	-0.0533343022287393
615.059437965623	-0.0608202838662246
615.193194689212	-0.0683233636328401
615.326773107042	-0.0887776163590733
615.460236322443	-0.10933151231391
615.593458055881	-0.116968383594731
615.726420304661	-0.111543935037895
615.859116280074	-0.106067051364201
615.991511829249	-0.107822302684353
616.123607768604	-0.109617313642615
616.255388416702	-0.113237029019712
616.386845766837	-0.118710723840688
616.517971562406	-0.124251243567352
616.648794087586	-0.120207147788151
616.779287805361	-0.116133329912964
616.909513447996	-0.113744897855219
617.039488338178	-0.113019120224991
617.169205442631	-0.112322792431477
617.298757980065	-0.110588844397057
617.42811235112	-0.108836444656806
617.557326901213	-0.106725731470971
617.686422425889	-0.104223131854843
617.815395516415	-0.101714044822777
617.944282293947	-0.102537442128932
618.07307566794	-0.103352856589487
618.201809323392	-0.103239337781131
618.330503781258	-0.102211921779823
618.459155311701	-0.101184879605959
618.587819001134	-0.0947794415649991
618.716482716034	-0.0883512599326026
618.845194200194	-0.0877700123422153
618.973969020492	-0.0930109944120918
619.102809080016	-0.0982218684934304
619.231754039495	-0.0851741390049374
619.360800810572	-0.0721900721263774
619.489995143282	-0.0651462916762159
619.619353138436	-0.0639763121054486
619.748874768798	-0.0628388220437226
619.878526936349	-0.0632588897909025
620.008333109988	-0.0636764577007463
620.138224536594	-0.0650431903092461
620.268183216954	-0.0673504755923915
620.398199148807	-0.0696577431597333
620.528244709488	-0.0695826371031136
620.65831656924	-0.0695138965421289
620.788405589441	-0.0701815796821926
620.918504877317	-0.0716082087888352
621.048607500036	-0.0730390643690897
621.178709295795	-0.069763461625439
621.308811588577	-0.0664919557918142
621.438916641089	-0.0662260240242911
621.569019458108	-0.0689654510370855
621.699120383766	-0.0716767193739742
621.829266095278	-0.0650933867492204
621.959438684681	-0.0585529635213975
622.089667163738	-0.0547510131001008
622.219943719103	-0.0537097607334599
622.35027943717	-0.0526667247732914
622.480706703647	-0.0520263640376923
622.611214777684	-0.0513840428386597
622.741808602989	-0.0437588134696749
622.872492720551	-0.0291617223429931
623.003282588748	-0.014612512314847
623.134200612765	-0.00567291656711383
623.265236862241	0.00322741638542001
623.396440248694	0.0114226606062556
623.527826780338	0.0189072924490526
623.659396255169	0.0263493242954889
623.791162518757	0.0385586782193391
623.923136481801	0.0507013674284187
624.055281874914	0.0612070530906591
624.18757997645	0.0701116202896965
624.320044124458	0.0789841896181498
624.452485620104	0.0845767133566102
624.584998682835	0.0901750183107116
624.717434315117	0.0953031372103583
624.849764341962	0.100020774713615
624.981995532803	0.104735981987792
625.113972949224	0.105699637002029
625.245757455208	0.106671835233725
625.377289526794	0.109252595909026
625.508574977874	0.113432752603063
625.639605950078	0.117688790741734
625.770311899682	0.121388097275079
625.900727469535	0.125157383547945
626.030860887819	0.124198572274685
626.160726295615	0.118444464317714
626.290321792436	0.112631339709146
626.419727338964	0.114627368213717
626.548917523863	0.116652903832303
626.677965772393	0.116111291721384
626.806906908719	0.113035191955491
626.935727221493	0.109930739493676
627.064544135197	0.110868805391279
627.193315726684	0.111823231908099
627.322096387752	0.109919853320571
627.45091011875	0.105153513217233
627.579740624719	0.100398095356639
627.70865324036	0.0973303189746117
627.837624324884	0.0942846881272681
627.966674287355	0.0943661947600091
628.095805306017	0.097615716487957
628.225022118254	0.100849470643605
628.354396026467	0.0999090937687302
628.483890374143	0.0989978804467223
628.613546639499	0.096460865158393
628.743365620818	0.0923355339841605
628.873350978684	0.0882476330642856
629.003447412854	0.0862383930077005
629.133677950061	0.0842682788583369
629.26404400934	0.0818231271452892
629.39454436952	0.0788987347539007
629.525183334283	0.0760123842669446
629.655967946452	0.0724043038764777
629.786891851665	0.0687946362311455
629.917946227586	0.0677986274875283
630.049122371718	0.069375264420398
630.180414225201	0.0709279027338517
630.311785960711	0.0706689552531779
630.443250340945	0.0703863568550714
630.574785027445	0.0718542763275484
630.706397315623	0.0750293848349566
630.838080894059	0.0782206422885768
630.969751306732	0.0752146178676642
631.101456435586	0.0722252184174838
631.233155084065	0.071113751203761
631.364841054968	0.0719175423967216
631.496518925837	0.0727214771505991
631.628212081013	0.074265726908403
631.759906052099	0.075808867101816
631.891662464667	0.0724644173534139
632.023500422583	0.0642630835184065
632.155428484822	0.0560873379401732
632.287373869673	0.0523635317292791
632.419374477013	0.0486517178917827
632.551443925266	0.0454534661583995
632.68359310591	0.0427591427970683
632.815827596937	0.0400509092422609
632.948174386787	0.0387802464868968
633.080630768835	0.0375144695101595
633.213221590378	0.0332486704835725
633.345948010967	0.0260363531057398
633.478827486867	0.01883268476809
633.611839569738	0.0126140229174908
633.74500702167	0.00642327047433756
633.878313758609	-0.00834796960345629
634.011758766225	-0.0316942481585677
634.145359564268	-0.0549089517718273
634.279039526534	-0.0512954627597795
634.412835462896	-0.0476908187494082
634.546687447767	-0.0465589057853222
634.680571063727	-0.0479240894678196
634.81449694541	-0.0492844652986554
634.948375231263	-0.0666334354894586
635.082239709196	-0.0840202699478914
635.216019402507	-0.0868153628737438
635.349690431227	-0.0749074859333033
635.483250949098	-0.0629468862359583
635.616691863379	-0.0574342884436487
635.750012300869	-0.0518945675134695
635.883214562005	-0.0521607045887771
636.016295842534	-0.0582718146762457
636.149258584633	-0.0644077327041487
636.282147999492	-0.061499110555598
636.414939142063	-0.0585594643373396
636.547644976899	-0.0583334931182636
636.680270408368	-0.0607742000405232
636.812804077961	-0.0632274129800039
636.945318339412	-0.0615319536050478
637.077774849232	-0.0598352839805831
637.210213618347	-0.0582516088992348
637.342636899666	-0.0568053232357458
637.475049682604	-0.0553535980959878
637.607445910908	-0.058946324908147
637.739835634588	-0.0625347659270387
637.872201985056	-0.0637222820369544
638.004541764091	-0.0624836745042425
638.136859910794	-0.0612385069801299
638.269164164946	-0.0593546232490499
638.401448812839	-0.0574704038782247
638.533726862403	-0.0574943216373285
638.665989471396	-0.0594847905928103
638.798246644896	-0.0614701413214558
638.930529663205	-0.065280558324047
639.062815698754	-0.0690684726525609
639.195125925523	-0.0674078133278193
639.327458216176	-0.0603311651315219
639.459813332267	-0.0532620554357689
639.592196485199	-0.0520369681983213
639.724610214922	-0.050808880127103
639.85706603697	-0.0454561297730906
639.989573748547	-0.035968759387418
640.122140603515	-0.0264754564409435
640.254768928083	-0.027702166028104
640.387461037478	-0.0289023394328698
640.520216616868	-0.0297210698173603
640.65304623048	-0.0301306986203055
640.785949634064	-0.0305601161412686
640.918924353303	-0.0290582637184692
641.051976027701	-0.0275603619357424
641.185107815951	-0.0252413936666556
641.318323112438	-0.0221054452855503
641.451617248015	-0.0189805323302558
641.584969697501	-0.0146772288397485
641.718381545735	-0.0103840768442953
641.851834071538	-0.00962945958972065
641.985310322744	-0.0124309106214058
642.118806827328	-0.0152317295028448
642.252335495707	-0.0109496959205235
642.385886663549	-0.00667217832242257
642.519464067317	-0.0028193688408811
642.653071331674	0.000610253032042489
642.786706680396	0.00403686151590549
642.920354009305	0.0043857719144121
643.054026911997	0.00475744549435541
643.187703657453	0.00426773175669011
643.321381189058	0.00293990153425484
643.455064549891	0.00161169633264289
643.588751313273	0.00263674586636416
643.722436351617	0.00366193699742618
643.856131430709	0.00731936227263092
643.989838191483	0.0135840704853878
644.123558242561	0.0198698671122984
644.257277692826	0.018567282282667
644.390998863859	0.0172892809433765
644.524732158047	0.0158901426694078
644.658471758599	0.0143735294339895
644.792228063155	0.0128796029748213
644.925989377249	0.00933970124619064
645.05975752464	0.00582421200764069
645.193534874456	0.00449677809299212
645.327316251667	0.00542747509157978
645.461104572481	0.00633473337123511
645.594883514957	0.00584697988098673
645.728661053943	0.00535905493347853
645.862429283155	0.00617505962809837
645.996199503611	0.00829422402475509
646.129966809385	0.0104133884214118
646.263762836331	0.00726638154890637
646.397578726747	0.00409850940415803
646.531408793056	0.00286470788807842
646.66525318766	0.00351564877806799
646.799103961153	0.0041668411181365
646.93295351208	0.00630702669267271
647.066796938214	0.00847159262371818
647.200639768249	0.00907722734700572
647.334492580314	0.00816845657874641
647.46834435702	0.0072606420371887
647.602211235996	0.00702681923360797
647.736087762582	0.00681632914710268
647.869966020237	0.00765335601172837
648.003846416957	0.00951425071545682
648.137721253958	0.0113764705974663
648.27161137552	0.00804932513527063
648.405507943472	0.00474617959365819
648.53941333322	0.00328106376090709
648.673327630324	0.00367586515724677
648.807250918854	0.00407059726084131
648.941170067912	0.00576751434502826
649.07509084474	0.00748797181525818
649.209018846215	0.00844017719608239
649.342954105569	0.00864782442016002
649.476899360642	0.00887863104084355
649.610798473699	0.0115594813799815
649.744681668407	0.0142445666080413
649.878540951717	0.0148328055735026
650.012375975466	0.0132998727876119
650.146197197982	0.0117650979934361
650.279996633831	0.012444867601293
650.413777093218	0.0131262677476811
650.547568701132	0.0154090965783632
650.681374875286	0.0193160072630941
650.815207104831	0.0232407295333275
650.949035104463	0.0204950847235219
651.082885298154	0.017747398612074
651.216736281556	0.0190746707167565
651.350586258508	0.0244557634893679
651.484444172294	0.029835180803958
651.618293067489	0.026160347890571
651.752140330447	0.0224842231192043
651.885985677126	0.0212048221630065
652.019842716676	0.0223191923945544
652.153700747064	0.0234352292521515
652.287553928181	0.0210864808297439
652.421412639642	0.0187352605046511
652.555265590804	0.0157545323842715
652.689114922954	0.0121674324086116
652.822960097455	0.00857970199189335
652.956812268427	0.0111421512003497
653.0906663769	0.0137041501221474
653.224528006757	0.0152405977805633
653.358402591787	0.0157503807188611
653.492282062924	0.0162614126655428
653.626155687666	0.0170796195999574
653.760028924978	0.0178981138401285
653.893888250756	0.0180892797784146
654.027741658403	0.017626258449533
654.161589045382	0.0171615657853171
654.295457234737	0.0160369477906861
654.429335252798	0.0148898233464695
654.563225761092	0.0148173327033034
654.697118032535	0.0157736743772856
654.83102023347	0.0167520080311123
654.964910724562	0.0167782493791619
655.098797562526	0.01678119784579
655.232691535762	0.0170826208949655
655.366595350491	0.0176138733928167
655.50051171207	0.0181681328619249
655.634424209619	0.0163997217137051
655.768343441049	0.0146309998049499
655.902247864523	0.0156599573074538
656.036137769034	0.0195109421714853
656.170005310513	0.0233666873949891
656.303871857931	0.0214333278613023
656.437718295482	0.0195013424229778
656.571568718636	0.0174722994883958
656.705414831098	0.0153266448909069
656.839267253218	0.0132031520368746
656.973101749672	0.0145828938228462
657.10692647331	0.0159647666259299
657.240760263294	0.0155433764861032
657.374608349544	0.0133209242889063
657.508473275941	0.0110771114082009
657.642360504083	0.0124714521431383
657.776267383843	0.0138427326909282
657.910188568871	0.0154708568177678
658.044102514559	0.0173606931665099
658.178022757716	0.0192262023508225
658.311924819855	0.0163413342131637
658.445816642736	0.0134549441532808
658.579708988789	0.0131518870387118
658.713610013877	0.0154324025192332
658.847519758552	0.0177350152510959
658.981424500515	0.0120975268716846
659.115340245034	0.00648178207188672
659.249253478434	0.00622546176982126
659.383167041028	0.0113518678111306
659.517075646544	0.0164797217599894
659.650987395854	0.0183207293165664
659.784896874404	0.0201617368731433
659.918806733764	0.0209773731323863
660.052711504047	0.020769462978466
660.186608417121	0.0205633231338841
660.320502793503	0.0184670425865374
660.454389171296	0.0163703934882556
660.588281006385	0.015040165983334
660.722183663353	0.0144768589435627
660.856097111017	0.0138905485096133
660.990026722337	0.0134443085348412
661.123977872074	0.0129738761303215
661.257926239358	0.0125780230464688
661.391863701923	0.0122330382967701
661.525795639447	0.0118867658443557
661.65970312165	0.0126601079699067
661.793596912355	0.0134328125330874
661.927466105764	0.0178687791422796
662.061315879445	0.0259940896507942
662.195137814879	0.0341281161844538
662.328939859146	0.0333929554211377
662.462711070206	0.032660148071737
662.596467519635	0.0318743440580417
662.730217193576	0.0310331881030968
662.863957287216	0.030192032148152
662.997685080468	0.0280707160189281
663.131405978465	0.0259720263781727
663.265103599856	0.0272204112325414
663.398761315311	0.0318490661096979
663.532384029429	0.0364842380562268
663.665993401929	0.0333056837504193
663.799573329758	0.030102585720864
663.933139993423	0.0287491101363267
664.066687826285	0.0292019450334402
664.200219357961	0.0296315787423441
664.333742194755	0.0331973271741299
664.467250388235	0.0367637039965287
664.600754470267	0.0373263541717919
664.734246416397	0.0349147241022771
664.867731742751	0.0324792208817606
665.00121844439	0.0320543336334984
665.134695619412	0.0316557546337505
665.268165487071	0.0340502295117401
665.401627122211	0.0392825711450412
665.535076807262	0.044515835071264
665.668493628238	0.0382475474040006
665.801889176592	0.0319737272097844
665.93524695597	0.0328596011808131
666.068551915042	0.0409710059252011
666.201813157788	0.0490674376639573
666.335047178268	0.0455984945653261
666.468248933246	0.0421239923783297
666.601440011419	0.0408297998106559
666.734628070742	0.0417636556145721
666.867818057367	0.0426698917333699
667.000985495496	0.042253984160821
667.134146407404	0.0418379290371086
667.267287207114	0.0410922663799338
667.400397086599	0.0400709721341167
667.533486860045	0.0390219573205594
667.666563522415	0.0425776152459513
667.799625906186	0.046105653459834
667.932679102057	0.0460780384468193
668.065726454399	0.042495712164502
668.198768675643	0.0389140183848216
668.331789324108	0.0389915218683598
668.464790851039	0.0390725030761421
668.597778375837	0.0392643669909313
668.730748888291	0.0395469857543028
668.86370477183	0.0398296045176743
668.996636559699	0.0435113349379671
669.129548210673	0.0471943658737265
669.262438766445	0.0491541790403459
669.395310494596	0.0493897987281062
669.528157559076	0.0496298031582747
669.660995154052	0.0514868139491726
669.793814139217	0.053343496430867
669.926625135896	0.052674511905289
670.059431602515	0.0495049242263556
670.192234376139	0.0463134708912864
670.325019991517	0.0454188276023114
670.457796591065	0.0445241843133365
670.590545103547	0.0442494808929899
670.723259710847	0.0445948982811465
670.855939997368	0.044916993031109
670.988619001183	0.0426435401324424
671.121278513863	0.040371290480803
671.253926791589	0.0394492948106871
671.386558018619	0.0399002592085172
671.519177178014	0.0403241873535745
671.651765861607	0.0387059670682147
671.78433808453	0.0370603401379283
671.916891591481	0.0356468717848868
672.049437525051	0.034486445746666
672.181968164242	0.0333058213965151
672.3144786738	0.0375484194790376
672.446969546305	0.041791767023791
672.579434323811	0.0434916211442673
672.711878547192	0.0426435401324424
672.844299677488	0.0417954591206175
672.976684581453	0.0405812077141166
673.109041721417	0.0393898812989674
673.241373949598	0.0386626184714829
673.373675779876	0.0384302906901463
673.505957933305	0.0381709715853236
673.638204168787	0.0430349172146221
673.770425128081	0.0479199290844305
673.902594047052	0.0519470146579591
674.034719599298	0.0551510370712721
674.166786117323	0.0583388763848358
674.298793696615	0.0525356143249619
674.430745261158	0.0467261812873882
674.562649484078	0.045206040924673
674.694509892767	0.04795691664003
674.826324549406	0.050732415311943
674.958093982969	0.0492555663997559
675.089821451065	0.047777931096414
675.221493923366	0.0465207639020744
675.353095558516	0.045491743716465
675.484637516376	0.0444571265129113
675.616164598873	0.045748922452869
675.747654120637	0.0470358626013593
675.879131822416	0.048511370140656
676.010593616861	0.0501796885597079
676.142040792835	0.0518234461764992
676.273447208369	0.0541244900479922
676.404821717652	0.0564496181963968
676.536149304971	0.054091510911322
676.667431670072	0.0470470506837855
676.798678738985	0.039995300005158
676.929899105378	0.0428818721245569
677.06108513167	0.0457679326801615
677.192249188212	0.0469676668738938
677.323388663805	0.0464384098436311
677.45450635107	0.0459093395569594
677.585574955707	0.0459925827130757
677.716607628468	0.0460758684958488
677.847596750636	0.0450652954974843
677.978546275935	0.0430079392485297
678.109457512927	0.0409265224790963
678.240323696478	0.0461003682482497
678.371148776661	0.0512478017213462
678.501925392028	0.0534094223854357
678.632667323192	0.0525514153410283
678.763364118686	0.0516744389059695
678.893993349761	0.0558233290377362
679.024562135676	0.0599996156775834
679.155089499175	0.0592589465373308
679.285590268988	0.0536559733034452
679.416076688068	0.0480546902729574
679.546552072993	0.0502551765016264
679.677019676773	0.0524769865068274
679.807500453708	0.049521899879812
679.938000786414	0.0414613305959254
680.068532550007	0.033441430954913
680.199096173074	0.0263389182532328
680.329702922885	0.0192489383406878
680.460371514014	0.0161666937837726
680.591106514381	0.0170821114435278
680.721915213808	0.0179697280402186
680.85275652935	0.00921485271706098
680.983672929626	0.000472268113687557
681.114625069162	-0.000815273252692657
681.245599658826	0.00529145066286712
681.376599566867	0.0113928718153953
681.50761867577	0.00591793973639431
681.638664337992	0.000471188406768229
681.76974104905	-0.00478393158802656
681.900847743745	-0.00984853752108738
682.03198601384	-0.0148875510808821
682.163175772329	-0.00664357636160214
682.294393824511	0.00158881324776603
682.425637899484	0.00109886262375462
682.55691853552	-0.00810090217434993
682.688232743219	-0.0172724394819553
682.819572072368	-0.0200646888749259
682.950936139744	-0.0228584551572172
683.08230707286	-0.02412200498784
683.213679198037	-0.0238763269777263
683.345044149696	-0.0236325073544471
683.476424593961	-0.0217929294796683
683.607797353687	-0.0199314656684784
683.739179135847	-0.0206345781200914
683.870564497013	-0.0239057209757956
684.001958749624	-0.0271785888172109
684.133335817617	-0.0316807243542969
684.264707339243	-0.0362157436587056
684.396074905269	-0.0383891937974506
684.527435475142	-0.0381989259924856
684.658791418985	-0.0380318583568494
684.790149165946	-0.0361752554479141
684.921498991886	-0.0343200364985749
685.052855921922	-0.0330430685134562
685.184211203126	-0.0323747893845656
685.315569571891	-0.0317060368980257
685.446902765598	-0.044203009570112
685.578238967386	-0.0567477313082076
685.709561566475	-0.0603076967019538
685.840860614029	-0.054861540351876
685.972139755267	-0.0493994307811578
686.10338047771	-0.0614073698877334
686.234604469056	-0.0734707842198776
686.365785774141	-0.0759313303766917
686.49690504659	-0.0687272756868857
686.627959333943	-0.0615187010952799
686.758913146261	-0.0735352960115774
686.889795421926	-0.0856278582382969
687.020605569426	-0.0903338095757805
687.151356894696	-0.0876181045236409
687.282043892636	-0.0848925619752712
687.412654646394	-0.0847376434334872
687.543198859477	-0.0846059836202906
687.673631235929	-0.0917823399176416
687.803929385584	-0.106408628583651
687.934110854707	-0.121128653642665
688.064163493986	-0.112493937589067
688.194072743891	-0.103779596256755
688.323896343745	-0.103531787290673
688.453655880566	-0.11179663212852
688.583361740911	-0.120102034196101
688.71291813456	-0.121727377248381
688.84238304988	-0.123388035037896
688.971687194415	-0.123961317953754
689.100817363406	-0.123471737584785
689.22977389762	-0.122977360685594
689.358627226038	-0.121882594641653
689.487339739144	-0.120770774684237
689.615994630905	-0.117532861501513
689.744620588948	-0.112131042763577
689.873211422944	-0.106746585403575
690.001852025415	-0.106944981093878
690.13051658021	-0.107133456409456
690.259262871863	-0.106959649426841
690.388108081553	-0.106374294462031
690.517050534593	-0.105815731142252
690.646219869925	-0.0896312967557158
690.775551932808	-0.0735831411042384
690.905184139112	-0.0630697935653926
691.035155298902	-0.0581037163655792
691.165464041098	-0.0531727277614615
691.296181459427	-0.0455139512109664
691.427295021069	-0.0379520730524769
691.558758021897	-0.0338261644776741
691.690548647205	-0.0330630911330766
691.822663826046	-0.0323308501137783
691.955160456827	-0.0199464320302526
692.087987717855	-0.00773876519413406
692.221114778006	2.73917974493238E-05
692.354489806778	0.00342185437646857
692.488117466297	0.00681638994427355
692.621852270247	0.00517415069275212
692.755745768836	0.00351441472997849
692.88970840515	0.00587907336193186
693.023725509079	0.0122112364224948
693.157787753121	0.0185604493274193
693.291832746898	0.0198414330910005
693.425881769722	0.0211230901926879
693.559910357769	0.0216393570946127
693.693913095394	0.021368283403898
693.827892664392	0.0211202484738903
693.961855525791	0.0286983787495655
694.095799936482	0.0362992219668246
694.229706649021	0.0369893047122352
694.363574162988	0.0307110156102449
694.497395666022	0.0244493205562497
694.631142675851	0.0304907194697755
694.764821722001	0.0365459170916282
694.898421557772	0.0376156238192779
695.031942945932	0.0337060960071503
695.165386715781	0.0297641735257257
695.298738312509	0.0438710286848464
695.431999106677	0.0579917163083856
695.565172682949	0.0628295292602183
695.698265156791	0.0583028690034068
695.831271957154	0.0537721301773359
695.964205439449	0.0561818621384612
696.097053605909	0.0586014384405246
696.229821078702	0.0594905263666492
696.362494038605	0.0589256236510723
696.495077586755	0.058335590523072
696.627581992487	0.0584872968283255
696.759998627881	0.0586155419875475
696.892362773437	0.0567236332565614
697.024688915472	0.0527633949075566
697.156983527231	0.0487981255260918
697.289251383158	0.0495385870639441
697.421502631926	0.0502984665545737
697.553725907238	0.0508253915995965
697.685920712256	0.0511431923904282
697.818091943178	0.0514565400726937
697.950256972146	0.0477143590056454
698.082403547297	0.0440018116634816
698.214549992785	0.0446785027357127
698.3466884267	0.0497214278309102
698.478824345852	0.0547805374309786
698.610924393513	0.0500210663504837
698.743009292102	0.0452361747811552
698.875079008429	0.0446863879863679
699.007139642087	0.0483235747717374
699.139183726373	0.051962785490929
699.271283021734	0.0478481825186665
699.403401419695	0.0437476083190885
699.535568228779	0.038549195431015
699.667775573175	0.0323051497070362
699.80002376446	0.0260508385009463
699.932286513824	0.0297889917756777
700.064559067931	0.0335297652684608
700.196835135775	0.0349350950013449
700.329098839251	0.0340128477201575
700.461355911782	0.0330671971434336
700.593600339104	0.033936145434813
700.72583149179	0.0348049400557452
700.858037395485	0.0366695753085691
700.990216320127	0.0394806736426773
701.122358381985	0.0423200772624862
701.254485317449	0.0416091660758378
701.38657840235	0.0409019946507926
701.518650964034	0.0407841327466184
701.6506998171	0.0412320079824804
701.782724480832	0.0416563108375075
701.914693854399	0.0482543240165925
702.04661178468	0.0548394220354463
702.178469549842	0.0596792449319369
702.310259368217	0.0627993622377239
702.44197607367	0.0659280671072699
702.57360818579	0.0618422743743433
702.705163214126	0.0577499473209448
702.836603191742	0.0615892305361952
702.967901029449	0.0734012547295614
703.099045480631	0.085262704933543
703.230011547251	0.0850319171136783
703.36079581268	0.084807549121719
703.491423962886	0.0815541305482493
703.62189960174	0.0753220444415909
703.752237293262	0.0690659326615865
703.882469820562	0.0676869693529372
704.012586853385	0.0663055172161048
704.142630303153	0.0635943514643788
704.272616180483	0.0595313001305229
704.402547080176	0.0554922905205359
704.53243300485	0.0595793835782608
704.662281175904	0.0636551142165846
704.792062419692	0.0658783152319309
704.921786697216	0.0662566793080261
705.051445095618	0.0666352436940848
705.181102836682	0.0619188933908081
705.310725462494	0.0572392140202382
705.44034407851	0.0483266339748704
705.569971821838	0.0351769158947502
705.699613924041	0.0220172738987612
705.829353331708	0.0259469873843894
705.959143532437	0.0298851709203819
706.089056050837	0.0280263771896466
706.219105145751	0.0204639682701829
706.349299752401	0.012942969430908
706.479635946587	0.0111852579563097
706.610117850471	0.00946061835081356
706.740697031733	0.00935057710995305
706.871358714151	0.0108684063389907
707.002096178925	0.0123827491578076
707.13295497318	0.00947350064201343
707.263913287934	0.00655254364579912
707.394934484349	0.00533026261850231
707.52599927112	0.00581931465043406
707.657101802772	0.00630810843889721
707.788206267478	0.0103456665819667
707.919311885344	0.0143818045147042
708.050410364562	0.0145905886044323
708.18150213932	0.01092640617449
708.312584942158	0.00728620315819843
708.443644054743	0.0118407814369637
708.574672803672	0.0164225608888947
708.705666474382	0.0187179526669169
708.836611543271	0.0187278371691211
708.967518747167	0.0187360802365049
709.098406631791	0.0190634844336244
709.229264084169	0.0193908886307439
709.36011861796	0.0217705129382696
709.490963613339	0.026156713956679
709.621800478595	0.0305631901786694
709.752633758172	0.0222866683830136
709.883473448967	0.0140145129850165
710.014314107225	0.0170689976194993
710.145137467418	0.0314205840878924
710.275938606264	0.0457397643518153
710.406655017278	0.0490367894539834
710.53731846694	0.0523099018187626
710.667890374954	0.049985580505041
710.798369749223	0.0420076569666107
710.928761090399	0.0340406668172079
711.059068300988	0.0355243155136561
711.189276373442	0.037037299945615
711.31940272976	0.0384289674398567
711.449448723895	0.0396982982185829
711.579412993012	0.0409691904319118
711.709324907655	0.0382279125429482
711.83918153974	0.0354820482535212
711.968999597182	0.0319558765045091
712.098788465608	0.0276736537403826
712.228552180308	0.0233914309762561
712.358292310456	0.0244972797120471
712.488007722166	0.025603128447838
712.617703004605	0.0263537199535669
712.747375047186	0.0267042616156325
712.877031514417	0.0270523531381124
713.006701696749	0.0273153047879483
713.136366409428	0.0275568221914999
713.266044143159	0.0278449858120976
713.395715614539	0.0281871636225217
713.52539927571	0.0285006149416689
713.655046445354	0.0258994937798884
713.78468388637	0.0232979138872728
713.914293738345	0.022244254619696
714.043875431809	0.0227623877921152
714.173428393715	0.0232806122454878
714.302949232185	0.0212429524124714
714.432442674358	0.0191811007252795
714.561898250812	0.021510589186417
714.691317193526	0.0282305397022946
714.820687231067	0.0349293738675454
714.950022521328	0.0288487324343066
715.07932650184	0.0227670179922206
715.208612442637	0.0176459038285221
715.337892631655	0.0135090427403786
715.467168622024	0.00935015778324464
715.596462208715	0.0143444576699842
715.725757456498	0.0193334736046307
715.855052254481	0.0213433542251489
715.984336801491	0.0203566617519182
716.113625543009	0.0193667292694824
716.242885591217	0.0172819416780403
716.372129879581	0.0151746780619855
716.501361518477	0.014752616041991
716.63056572331	0.0159967640843183
716.759743838272	0.0172661053073823
716.888907956643	0.0159761302971823
717.018045911916	0.0147109060929526
717.147177029028	0.0142405275561861
717.276292839486	0.0145910527156969
717.405403752297	0.0149167512719889
717.534532155592	0.0115341548054857
717.663673513237	0.00815513146633618
717.792834519456	0.00691066248238452
717.92200079074	0.00777556630547638
718.051182153536	0.0086628071256082
718.180364642878	0.00657882688285248
718.309550457923	0.00449597613265291
718.43873334311	0.00531484697257931
718.567893194607	0.00903724697129361
718.697031442723	0.0127616137498883
718.826161267899	0.0130179627310329
718.955266219989	0.0132754354646261
719.084365508999	0.0129231982512143
719.213454705368	0.0120093632464215
719.342537487245	0.0110722886799836
719.471590747242	0.0125264238759914
719.600623712209	0.0139579143405931
719.729641376605	0.01430910629366
719.858647217892	0.0135575086471183
719.987644716471	0.0128061754956444
720.116616332762	0.00906384151709773
720.24557956841	0.00529611232299073
720.374537720476	0.00473410620977688
720.503490711431	0.00730868002919364
720.632438434391	0.0099057555892392
720.761364293508	0.0103055180286976
720.890273231294	0.0107063641431111
721.01917374727	0.0103082414142777
721.148061760587	0.00908965358718417
721.2769493519	0.00787058715410064
721.40581959835	0.0085737261386055
721.534682503116	0.00927698895825545
721.66353508665	0.00953457509347846
721.792374876005	0.00932382280102327
721.921210171016	0.00911226789540524
722.050020079059	0.0109873919516994
722.178813321703	0.0128631766159201
722.307592068031	0.0133316388198587
722.436362760209	0.0123456930265428
722.565126457662	0.0113600943585694
722.693864211993	0.00897414977113193
722.822597469979	0.00658636326445022
722.951326409539	0.00642182131176302
723.080059520501	0.00850348156163162
723.208794543958	0.0105602684558254
723.337512645675	0.00562246346866417
723.466240769966	0.000682858514665315
723.594961144841	-0.000300505419094561
723.723678567492	0.00269659653179095
723.852387087227	0.00567028362368516
723.981105192437	0.0059965071234327
724.109824442202	0.00632255809007441
724.238549222403	0.00477715241945702
724.367285999086	0.00133735657831914
724.496035878997	-0.0021246183259628
724.624787269614	-0.00137613411741291
724.753550120246	-0.000627594661638274
724.882319812901	0.0011263124936087
725.011104115474	0.00386087591508051
725.139891919278	0.00661746434680297
725.268695221442	0.00794673183303694
725.397507166473	0.00927506362914653
725.526320905112	0.00815267991441186
725.655135008867	0.00455693298745925
725.783953438732	0.000961186060506637
725.912784050769	-0.00128009333710006
726.041623902368	-0.00349724364017547
726.170495947559	-0.00477888591234536
726.299397847826	-0.00510282132991565
726.428340756276	-0.00544924166708548
726.557307899749	-0.00488823004939513
726.686304046324	-0.00432799241212093
726.815313625965	-0.00486322525119048
726.944319606426	-0.00651835673490751
727.073334572888	-0.00817364247082504
727.202338724278	-0.00731355311678366
727.331331109818	-0.00645357706532936
727.460328473087	-0.00699036934570146
727.589338340206	-0.00894718393269146
727.718362819348	-0.0108800047230107
727.847422742172	-0.00777689744761328
727.976501221833	-0.00465363756360905
728.105581822985	-0.00439786111142147
728.234645876824	-0.00703390639932893
728.36369892321	-0.00964987677129307
728.492730231745	-0.00475513731580854
728.621729069241	0.000143907558991279
728.750726530536	0.00126416715540673
728.879739030375	-0.00144249259749081
729.008774875513	-0.00412309314449837
729.137795610074	-0.00342451050453998
729.266832803402	-0.00274864605314823
729.395864329807	-0.00221233256724071
729.524895167707	-0.00183907682433167
729.653930321086	-0.00148901865973814
729.783033554723	-0.000695125309587441
729.912179750096	9.69485525610799E-05
730.041366242623	9.68804886386062E-05
730.170580382406	-0.000647160395809649
730.29982297136	-0.0013909401116802
730.429003871806	-0.00269559134477444
730.558156773213	-0.00398004720191967
730.687277711068	-0.00773642165177594
730.816384225396	-0.0139649772759203
730.945477663465	-0.0201985936786701
731.07456937048	-0.0157950640354985
731.20364649974	-0.0114127833447574
731.332712400489	-0.00704938287686066
731.461762400506	-0.00272939701555527
731.59079182845	0.00159286982033984
731.71983008195	0.0018028600465839
731.84886346562	0.00201277635998793
731.977900337527	0.00175566986074278
732.106938787274	0.00103159596519056
732.235979597521	0.000307522069638345
732.365011348975	-0.00158469173419637
732.494041447581	-0.00345420604964095
732.623083921432	-0.00646777916280544
732.752162076307	-0.0105975039568856
732.88126957884	-0.014724165523331
733.010420255681	-0.012571284576552
733.139603675879	-0.010397887946379
733.268810571204	-0.0093001032758025
733.398032828989	-0.0092767850427698
733.527270390476	-0.00923014857670439
733.656560573294	-0.00887413420639887
733.785886822489	-0.00851786962577925
733.915241836424	-0.00923641085452635
734.044632912833	-0.0110266687051587
734.174048464461	-0.0127941539039818
734.303451759332	-0.00616461877865622
734.43284105803	0.000492904542557272
734.562247640432	0.00147059288440333
734.691679194769	-0.00320671225030074
734.821154205578	-0.00790000646582696
734.95063176384	0.000143327236297154
735.080132909802	0.00816129063771152
735.209631679905	0.00976317490943725
735.339135890586	0.00497558925278855
735.468656057107	0.000189666661969764
735.598145219608	-0.00373754122373655
735.72763453421	-0.00769213650640914
735.85709716408	-0.0103025485707145
735.986526364236	-0.0115679990171597
736.115920774918	-0.0128365757865145
736.245317092319	-0.0144250426693781
736.374695429644	-0.0160143468129789
736.504069927906	-0.0217596891203562
736.63345098585	-0.0316434584892973
736.762851634169	-0.041557353900407
736.892275079144	-0.029371755969494
737.021705746582	-0.0171591517374117
737.151132995669	-0.00959509618080825
737.280556457439	-0.00667746216962986
737.409970381695	-0.00375828746439526
737.53940311236	-0.00768267531785698
737.668845243918	-0.0115823229816569
737.798310133375	-0.0114868647828244
737.927798895724	-0.00739775809435722
738.057304551161	-0.00328746557260184
738.186833073473	-0.00643705153846628
738.316382349325	-0.00958581883430605
738.445952804442	-0.0125946151114748
738.575542062876	-0.0155109319768216
738.705147735878	-0.0184288689981269
738.834768028767	-0.0167270608144819
738.964398461411	-0.0150249532813786
739.094050892029	-0.0160970255961442
739.223729253999	-0.0199437336121488
739.353440175161	-0.0238124152429504
739.483170617916	-0.0190304964346343
739.612921040587	-0.0142485776263182
739.742679455862	-0.0130834060794665
739.872445653624	-0.0155356283112832
740.002216695645	-0.0179669559163919
740.131991175095	-0.0166176922664713
740.261764973946	-0.0152443648406034
740.391537904371	-0.0150848875164555
740.521305667742	-0.0161883725897779
740.651077406494	-0.0172677404113635
740.780869748307	-0.0177569817251213
740.910675067353	-0.018246136881582
741.040498576705	-0.0181059318872221
741.170336753143	-0.0173129601763518
741.300194182421	-0.0165417648548048
741.43008081636	-0.015743044038872
741.559995855382	-0.0149667848038169
741.689933260367	-0.0143336735116335
741.819895216551	-0.0138420837556489
741.949878545119	-0.0133739273624929
742.079885480147	-0.0129280611979533
742.209907481569	-0.0124834493054871
742.339944787318	-0.0127401980387817
742.469982185014	-0.0137241316513742
742.600031376646	-0.0146839394073912
742.730088630027	-0.0163900083119244
742.860160978748	-0.0180947856110128
742.990238435549	-0.0189388292185883
743.120323635697	-0.0189204647520837
743.250413826556	-0.0189020899298426
743.380533099671	-0.0132431615659775
743.510659738086	-0.00756386189168735
743.640804651261	-0.00770265002067925
743.7709817009	-0.013654090793598
743.901191248395	-0.0196023914559287
744.031412541927	-0.0176900018942528
744.161649110914	-0.0158020104320702
744.291896884483	-0.0144024599001091
744.422149552207	-0.0134696843020981
744.552408913621	-0.0125600976673969
744.682675445103	-0.0130750162018008
744.812949620828	-0.0135900252804767
744.943235111056	-0.011814876375252
745.073530687081	-0.00772668274671828
745.203832414253	-0.00361585512560427
745.334136579968	-0.00819378610524077
745.46445829866	-0.0127480438508351
745.594788934816	-0.0121875198206081
745.725131157933	-0.00651164122268597
745.855476849437	-0.000813409935389404
745.985854834043	-0.00562125588834002
746.116258870961	-0.010401544828734
746.246691252127	-0.0128245377933138
746.377141226087	-0.0128711865588362
746.507611490263	-0.0128945109415973
746.638074712457	-0.00965496771120522
746.768535905748	-0.0064137148489475
746.898992174619	-0.00620477573673688
747.029454238294	-0.00900567100904179
747.159922049185	-0.0118299070752826
747.290407356732	-0.0128791102493384
747.420903064655	-0.0139526923625699
747.551414388018	-0.013789321171426
747.681926545318	-0.0124145185738426
747.812443602309	-0.0110158851506918
747.942974243416	-0.0145646219446894
748.073516354054	-0.018113358738687
748.204068641461	-0.0167607095080455
748.33463340588	-0.0105498739069456
748.465199494924	-0.00433903830584559
748.595764103652	-0.00422266465409691
748.726329817054	-0.00410627051301327
748.856911079496	-0.00515625351651664
748.987512585992	-0.00732513384565884
749.118139027217	-0.00949248848956915
749.248830868295	-0.0124680951852373
749.379574677742	-0.015461763279136
749.510376208381	-0.0158698579462185
749.641228033655	-0.0136747783837854
749.77212812422	-0.0114820081434643
749.903008425885	-0.0136980413785412
750.033903287627	-0.0159396837050784
750.164789031542	-0.013640224328861
750.295654037091	-0.00682057511799372
750.426497478316	3.86864340939697E-06
750.557353684345	-0.00810374921634328
750.688221895744	-0.0161852249810519
750.81910755662	-0.0162769697094325
750.950008867016	-0.00835708740511857
751.0809159645	-0.00043859629113799
751.211811835759	0.000492991142380104
751.342703701051	0.00144820166282534
751.47358888695	0.00142503114466948
751.604481712629	0.000493034450850193
751.735366870658	-0.00046200554455202
751.866257015005	0.000446447134001305
751.997140521694	0.00137831454835232
752.128024885449	0.00203059428343384
752.258904378004	0.00240332556062328
752.389781356196	0.00277605683781272
752.520655734688	0.00286923965711008
752.651527449173	0.0029391267715831
752.782396731045	0.00268287401851536
752.913269455876	0.00214688419898573
753.044138045034	0.00158783639679907
753.175006641103	0.00296216224384128
753.305865909483	0.00433686906104349
753.436724208465	0.00403402489832707
753.567577945894	0.00205388998825818
753.69843161629	7.37550781892819E-05
753.829277881188	0.00221715469546272
753.960117506641	0.0043376311519898
754.090947159162	0.00503706764206319
754.221778295649	0.00429103155512334
754.352600812688	0.00354543800526005
754.483425087266	0.00102905977447143
754.614250716861	-0.00148731845631719
754.745080735213	-0.00481918963226879
754.875918890949	-0.00894325395495013
755.006768941088	-0.0130906180760647
755.13762232871	-0.00961979326695294
755.2684839626	-0.00612451642060569
755.39934124348	-0.00412091975917552
755.530199095757	-0.00360855117156683
755.661048947768	-0.00307305456398921
755.791909665024	-0.00307278452997743
755.922770464677	-0.00307251453155655
756.053634125499	-0.0031657382950366
756.184508879005	-0.0033285873930538
756.315384111487	-0.00351501853802362
756.446269164506	-0.00789615044481435
756.57716530297	-0.0123005862447263
756.708068041222	-0.0133271285143619
756.8389779417	-0.0109741927632526
756.969890206095	-0.00864415344938539
757.100810132778	-0.00855091330067583
757.231729523231	-0.00843510435289594
757.362650926338	-0.00526512338790423
757.493571450759	0.000983064675469525
757.624477400621	0.00725520448338108
757.755385729316	0.000353614118929609
757.886291850122	-0.00657187001097605
758.017210599712	-0.0111189254523535
758.148127746382	-0.0133131795190542
758.279064107584	-0.0155288011142874
758.409992750669	-0.00951331168442467
758.540919126902	-0.00351903702651554
758.671839985024	0.000143869604515348
758.802751469701	0.00145062196644661
758.933655115487	0.00275760413193442
759.064537132748	7.39108301808084E-05
759.195413381035	-0.00261144153361185
759.326280935571	-0.0053911659541058
759.457153119016	-0.00826385160901915
759.58802435708	-0.0111141597021369
759.718911068421	-0.00835727228072364
759.849797355843	-0.00562471763336705
759.980693107055	-0.00156078112122371
760.111582778411	0.00383378814027527
760.242467011671	0.0092050042880881
760.373341038057	0.00544563196361606
760.504216268423	0.00168544992750998
760.635088758677	5.05881726812545E-05
760.765971551541	0.000540951528206728
760.896858821872	0.00103114238682631
761.027761392606	0.000984188795512388
761.158681979329	0.000960510120963186
761.289623140953	0.00415524758441553
761.420579166566	0.0105875576077433
761.551547019073	0.0170142163022131
761.682524808973	0.0130483163416256
761.813518769675	0.00906191624283643
761.944517684816	0.00652265357821353
762.075511746906	0.00542890522488419
762.206504646097	0.00431167923660459
762.337495374219	0.0024255557194243
762.468482924134	0.000539432202244012
762.599472284108	-0.00202197010503786
762.730466349365	-0.00525865120242132
762.861473420201	-0.00851786962577925
762.992474481972	-0.00232468128680754
763.123477477237	0.00386925520171045
763.254472402927	0.00601151894961892
763.385469049606	0.00410174968817665
763.516466429267	0.00219231584066193
763.647454725296	0.0041250331186452
763.778442963385	0.00608084127800369
763.909422113761	0.00712859564908858
764.040394719396	0.00729157966236846
764.171365997412	0.00747719039132974
764.302320635037	0.00351997306889928
764.433278340862	-0.000415308770295609
764.564234102004	-0.000834484145458477
764.695185133292	0.00226275612657827
764.826131321629	0.0053832839194574
764.957079962378	0.0032638328381711
765.088024877082	0.00114485456578336
765.218972609321	-0.000135846587857572
765.349920820329	-0.000531699671710226
765.480864497055	-0.000950921749670384
765.61181036232	0.000562767105084416
765.742746272136	0.00207663835709497
765.873680341939	0.00503441329415105
766.004603187311	0.00945943091651839
766.135518906705	0.0138599415060843
766.266411956179	0.0161202469165029
766.397293729974	0.0183793348605536
766.528153361819	0.0154694978475405
766.659003554483	0.00741125100291012
766.789843556917	-0.000648468738289288
766.920682857276	0.00373150854256743
767.051509398269	0.00808818807193024
767.182256720825	0.0100333573126388
767.312895608057	0.00951780142369345
767.443418445142	0.00900074190785764
767.573729124939	0.0109586018972833
767.703850067018	0.0129543075858552
767.833358219974	0.0126308640608991
767.962049659525	0.00993544158549584
768.089929952069	0.00714727782363256
768.216892768553	0.0139346085492168
768.342878079583	0.0209330023564104
768.468403494438	0.019276154751995
768.593701907941	0.00883238021353177
768.718788857547	-0.00160740085561367
768.843474494512	0.00597932239325583
768.967953440158	0.0136442526498366
769.092058624696	0.0176172738592993
769.215806168157	0.0177684441110313
769.339195873832	0.0179474224373157
769.462322175999	0.00554408089362518
769.585163665163	-0.00697140007915691
769.707718292006	-0.0109685252144688
769.829963082939	-0.00632179394149894
769.951899379182	-0.00159298973155704
770.073564856757	-0.00138292265213466
770.194932346313	-0.00114350184784183
770.316015139713	-0.0010394003130165
770.436805209045	-0.00112783575643012
770.557302626013	-0.00118943889537112
770.677542827885	-0.00794674269061216
770.797512689574	-0.0147679242838782
770.917220221054	-0.0148126031041829
771.036659569618	-0.00789428524529134
771.155822221029	-0.000934287070407233
771.274696523782	0.00335117026068075
771.393286951887	0.00770902810669172
771.511595322474	0.0120510952102203
771.629626079173	0.0164615046223599
771.747370135567	0.0209155005429355
771.864826521243	0.012316637274801
771.982002415042	0.00365885584422002
772.098906287204	-2.46990422444317E-05
772.215528916356	0.00137420962701714
772.331879941234	0.00275714979113402
772.447955262976	0.00448460128425215
772.563761548373	0.00622869985260673
772.67930260048	0.00489262429991172
772.794598232714	0.000431995135054391
772.909641288831	-0.00403894640289797
773.024385292492	3.59258452778237E-05
773.138851154715	0.00415716837669675
773.253040943147	0.00844487412652033
773.366972710366	0.0128609799810376
773.480645545694	0.0173140263224224
773.594070683784	0.0166960897907151
773.707259435978	0.0160391996363241
773.820192321879	0.0134711660695748
773.932862241634	0.00886793624673713
774.045275610146	0.00425007025619849
774.157477828728	0.00823766564752943
774.2694306806	0.012257932426625
774.38115558519	0.0123427315009807
774.492636790825	0.0084433123215199
774.603888194444	0.00453948301024374
774.714878217215	0.00703809752265061
774.825615616011	0.00959449176237661
774.936107515449	0.0108722441754025
775.046351258668	0.0108545704419042
775.156357607003	0.0108691134269335
775.266129479679	0.0140239976351992
775.375669803551	0.0171704888336619
775.484957152399	0.0170122912307568
775.593986240933	0.0134340101148723
775.702765359824	0.00978329318085322
775.811328101918	0.018601458690244
775.91964330603	0.0274548814906721
776.027716597574	0.0270531515670433
776.135539422778	0.0173095397374288
776.243127614422	0.00743266442041072
776.350489293474	0.0109292450528151
776.457610953588	0.0144561260966294
776.564508162641	0.0186534345747115
776.671174503677	0.0234592123175134
776.777608871314	0.0283417373266408
776.883822350973	0.0210212604441157
776.989818001931	0.0136394970355091
777.095594364135	0.0120593227291668
777.201145453144	0.0163186330410821
777.30646796011	0.0206154585412655
777.411559041635	0.0277883597305945
777.516410428175	0.0349860699308641
777.621011324546	0.0384584709837688
777.725345834436	0.0380902200119243
777.829424988474	0.0377511657376264
777.933267369334	0.0381382997619136
778.036859165023	0.0385663079051428
778.140212017195	0.0373644924039428
778.24331463645	0.034556948596178
778.346169228256	0.0317259190337728
778.448812310195	0.0332798214539301
778.55121841414	0.03488456496168
778.653380328558	0.044030976945332
778.755268644201	0.0609171526062526
778.856872614445	0.0779332628800351
778.958206365138	0.0768990599029432
779.059257087355	0.0758548199572454
779.160026643121	0.069843569487643
779.260515609153	0.058786712872895
779.360732827953	0.0476138138650728
779.460624022087	0.058355212965554
779.560199338897	0.0691849943156158
779.659476049436	0.0711464047525198
779.758483995716	0.0640048335707895
779.857220708649	0.0568486728580036
779.955591840105	0.070388914763235
780.053637264907	0.08415511932214
780.151321847959	0.0878562145542029
780.248666883743	0.0813256220617758
780.345674926449	0.074674670085216
780.442359431574	0.0811532095428181
780.538712291285	0.0877049937448228
780.634709364267	0.0940722357979043
780.730329374353	0.100184524474239
780.82556981483	0.106378883627615
780.920388578599	0.108422002558978
781.014802620406	0.110479536448914
781.108818005084	0.109539744012962
781.202440545076	0.105567395259276
781.295678773787	0.101538738810385
781.388405805101	0.111913962949224
781.480674521443	0.122439301735091
781.572438767295	0.129907051576358
781.66371112053	0.134108753393586
781.754485157262	0.138426394752367
781.844829292124	0.130191832309673
781.934720816669	0.121891727933366
782.024188662187	0.119175120249549
782.113227534963	0.122272003759732
782.201834774095	0.125413781307902
782.289993659486	0.132536647631402
782.377703457883	0.13977160498828
782.464997340096	0.151367868804877
782.551875086648	0.167421402836318
782.638333386825	0.183645372116064
782.72436791898	0.19457886530709
782.809976907556	0.20564677122569
782.895135977456	0.214916791403943
782.979838323271	0.22238268655702
783.064069027977	0.229975357695285
783.147835381952	0.21474908177555
783.231150349674	0.199354906875388
783.314035399629	0.196056707724728
783.396487935954	0.205238047738112
783.478502526079	0.21452971446335
783.560159468301	0.217388658396086
783.641418626273	0.220270398450242
783.722354685849	0.220129069403562
783.802999486947	0.216987720066256
783.883350108176	0.213832173107162
783.963532931515	0.206352805743401
784.04351125579	0.198906239880832
784.123346908161	0.191971076638322
784.203063792654	0.185612819400388
784.282661855923	0.179214345445847
784.362110590791	0.183334723857844
784.441430317525	0.187371863286483
784.520579703159	0.191705874474911
784.599554693332	0.196259830288315
784.678348601611	0.200816251328755
784.756941094086	0.193579789850464
784.835354652649	0.186306159112433
784.913592653313	0.185632771325036
784.991655422007	0.191536189738126
785.069551330322	0.19744165908566
785.147291106072	0.197612677569003
785.224880235233	0.197701027266214
785.302315246862	0.198927637962448
785.379605227416	0.201125488502873
785.456737928719	0.203347887016051
785.533680968918	0.204263652817746
785.610450117175	0.205180147287176
785.687016182534	0.205652965279215
785.763374487672	0.205681530994566
785.839525759644	0.205710058073239
785.915483414817	0.203425469586917
785.991247538708	0.201111031188183
786.066842066161	0.199048162976316
786.142280064671	0.197183656924471
786.217563873803	0.195376361717504
786.292706667566	0.196662174087534
786.367705584567	0.198002208424031
786.442569135265	0.198590779362958
786.517301134657	0.198429148241576
786.591902723693	0.198323233406139
786.666327205129	0.201292113412981
786.740597542525	0.204263394072153
786.814695465551	0.205374839841603
786.888625599993	0.204680081598509
786.962389928706	0.203985132882505
787.035993654319	0.202622770128828
787.109433947724	0.20128735571094
787.182721032644	0.20042468765165
787.255846023142	0.200089635936426
787.328821522434	0.199727273639151
787.401654319006	0.200033996226289
787.474343213767	0.200340633695083
787.546900674331	0.200341865779972
787.619320624274	0.200092236026214
787.691610433723	0.199842672185481
787.763783980715	0.201901523757055
787.835828450628	0.203930232209488
787.907751475542	0.203597243577724
787.979546137431	0.200931606617638
788.051224283292	0.198239079755619
788.122767202258	0.201431413547654
788.194188596954	0.204541323334422
788.265472382708	0.203874683037884
788.336620953648	0.199261113921715
788.40764463171	0.194671690010856
788.478530056418	0.198449140363632
788.549288264721	0.202147552156571
788.619921455149	0.202647820685693
788.690439018357	0.199835791579903
788.76085028873	0.196996239086731
788.83116764281	0.19861261159085
788.901395467444	0.200256555066835
788.971533154702	0.201314681331911
789.041588479178	0.201871740219703
789.111555808822	0.202455964252227
789.181440533948	0.202595272551913
789.25123730887	0.202762055791584
789.32095221832	0.201427789874216
789.390586536599	0.198592474799808
789.460138769125	0.195728127229328
789.529608859424	0.19600373550847
789.599004860389	0.196308466880442
789.668324028826	0.19678017565941
789.737582490903	0.197365334375752
789.806772139894	0.198032829635948
789.87590420621	0.197309709770736
789.944979141966	0.196530965300507
790.013994862981	0.195111210955189
790.082952115459	0.192993954573682
790.151854267041	0.190875540860411
790.22070591438	0.194965369125654
790.289511859438	0.199029274661037
790.358275311583	0.198416905333788
790.427019195083	0.193049601838685
790.49573381866	0.187712134099807
790.564426270541	0.195140350175099
790.633098595558	0.202566547970486
790.701745749045	0.204457527832422
790.770368728338	0.200869684491781
790.838976466258	0.197254085165719
790.907560991053	0.201731437615267
790.976136152368	0.206182010159858
791.044694597155	0.205597967239932
791.113250632903	0.199922716806016
791.181796695068	0.194273841668771
791.250346697139	0.1990038591941
791.318893182224	0.203817196798875
791.387444991288	0.205737396148378
791.455997376858	0.204846766567855
791.524556341577	0.203955645456229
791.593127616016	0.200752740968631
791.661716765162	0.197522129821809
791.730327225698	0.200028638470206
791.798971477956	0.208299670326238
791.867646197617	0.216542179053948
791.936363612303	0.203760889254337
792.00511372814	0.191009009957432
792.073904052164	0.187389480899359
792.142725063342	0.192954714062508
792.211591748155	0.198440288483204
792.280499053689	0.198467249563094
792.349452702537	0.198494216137955
792.418465866857	0.196294351766869
792.487545543781	0.191870345497357
792.556693126164	0.187449927382137
792.625889982303	0.188447497085565
792.695152560255	0.189445601954752
792.764476024456	0.191198279764276
792.833866692388	0.193816544454966
792.903333634012	0.19635242578589
792.972918273538	0.198643003472879
793.042613561674	0.200901231617918
793.112457533254	0.194833517811894
793.182460097242	0.180548709746871
793.252622578005	0.166361756732385
793.323092546972	0.149110251253865
793.393793477213	0.132118647592035
793.464852344295	0.118623930995976
793.536300246415	0.108591824351508
793.608130647149	0.0987355492077423
793.680398898974	0.0892034075145041
793.75308744738	0.0798492067785596
793.826215197332	0.0580431802307261
793.899772785174	0.0241801303368698
793.973748268315	-0.0089939576445116
794.04812628296	0.0126821108397647
794.122942417386	0.0339438916825744
794.198185139142	0.0373988467721408
794.273847116628	0.0235111737583185
794.349929123176	0.00993480812482461
794.426406980985	5.56677627390594E-05
794.503286158574	-0.00964129550883728
794.580400602182	-0.0233183557170452
794.657676083949	-0.0410396629626092
794.735097396182	-0.0586726938379764
794.812257451203	-0.0353797434396606
794.889343354929	-0.0117756798470845
794.966426245763	0.00379420797939829
795.043633608427	0.0110691889088694
795.120966311691	0.0182644962739861
795.199549911648	0.0049202983287267
795.278870760258	-0.00768601116655638
795.359255381767	-0.00275595893135438
795.440630523234	0.0185516705517989
795.523009408679	0.0390394084780325
795.606117871056	0.0349664252177341
795.690045307645	0.0310528923971777
795.774637679319	0.0396468057903258
795.859867495905	0.0602483966394203
795.945750056385	0.0803970434429049
796.032485017972	0.0808866427818391
796.119949413625	0.0813580272308373
796.208253711367	0.0865545368502025
796.297400023085	0.0962102165179937
796.387387850687	0.105567463964772
796.47798803394	0.102092135759417
796.56930428397	0.0986609549324024
796.661305588829	0.0961119983981934
796.754018625715	0.0944092606356119
796.847454329427	0.0926999472639618
796.941937240944	0.086542970919157
797.03732349051	0.0805609359977496
797.133400449979	0.0789213111404528
797.230004417863	0.0814607210129234
797.327136567878	0.0839317415494033
797.425097873132	0.0831611930985805
797.523656011923	0.0824264698129759
797.623006845685	0.0748751817924761
797.723123231739	0.0607690914409734
797.823999219086	0.047040851077907
797.925520045633	0.0444434177612157
798.027732354395	0.0419293146369634
798.130676363441	0.0358052677905539
798.234378561367	0.0262692724262751
798.338841799886	0.0169924700530982
798.444043439623	0.00331956526900052
798.549998256443	-0.0100013151905429
798.656655271002	-0.0155381499194247
798.764010922003	-0.0135822939106886
798.872064192989	-0.0116724153358324
798.980819126409	-0.0101144429531976
799.090277113618	-0.0085924673700246
799.200458593322	-0.00687855226823853
799.311376069538	-0.00500627191003186
799.423031350923	-0.00315569836763112
799.535355563969	-0.00505812667823138
799.648384610222	-0.00691811072865488
799.761944063395	-0.00915966615525
799.87596426429	-0.0117639014663299
799.990436958635	-0.0143348423500152
800.105053418038	-0.0105834594914172
800.219938255768	-0.00682717040374767
800.334889733285	-0.0035824116048595
800.449875453504	-0.000857847013527587
800.564895312494	0.00186719626773697
800.679900902261	0.00196087942902961
800.794897679771	0.00203130802482848
800.90988061876	0.00240480417269741
801.024850352594	0.00305829142391735
801.139807515561	0.0037121232653689
801.254751544665	0.00312989025314493
801.369676486979	0.00254757392626537
801.484584065029	0.00154463949464106
801.599470204663	0.000120643064178572
801.714333547716	-0.00128099441465217
801.829197598134	0.000728080160794066
801.94405354605	0.00276051606851293
802.058918238283	0.00346105154758583
802.173788369743	0.00283010209285251
802.288671412448	0.00219907018224528
802.403555913051	0.00427749730031198
802.518462730693	0.00633145744491638
802.633376929454	0.00759163606520345
802.748317785421	0.00800976777021053
802.863272265545	0.0084517563745176
802.978248408652	0.00287352954232466
803.093235387905	-0.00270175567496338
803.208233626082	-0.00503286663081754
803.323238669683	-0.00407610252509803
803.438254123446	-0.00314298467552138
803.553275660535	-0.00482046009680747
803.668307040849	-0.0064967751194612
803.783341229176	-0.00542403126035495
803.89838733105	-0.00160325396409647
804.013446365453	0.00221618108489351
804.128505494676	9.70166882367852E-05
804.243568069008	-0.00199886018757755
804.35863365898	-0.00244110866441126
804.473700770208	-0.00120687245865351
804.588773274025	3.86558620036834E-06
804.703825539644	0.00135466179765609
804.818872350419	0.00270640747683501
804.933887085726	0.00580858003184738
805.048866367147	0.0106435333874161
805.163820340495	0.0155089808069157
805.278754166225	0.00972219308575687
805.393659476479	0.00390659594378934
805.508551662629	0.000354485932927426
805.623437529293	-0.000954439491282189
805.738321186945	-0.00226316575889668
805.853212839906	-8.95901119786173E-05
805.968114609196	0.00208322069774964
806.083025649577	0.00397530534668973
806.197944867101	0.00561059860577388
806.312879230767	0.00722189517989651
806.42781293835	0.00208285419164589
806.5427517384	-0.00305591796131388
806.657691727318	-0.00704876283746725
806.772640953312	-0.00984767143006692
806.887588616026	-0.0126457228334185
807.002545751626	-0.0096324840066745
807.117512606489	-0.00662083396622371
807.232491205942	-0.00454358307646182
807.347488075446	-0.00337638174816714
807.462496244618	-0.00223350066023611
807.577503397272	-0.00381830463939694
807.692502604613	-0.0054040582817282
807.807504238928	-0.00304974452681182
807.922514480083	0.00331331326682681
808.037528714616	0.00965252918347014
808.152540023558	0.00806985234824689
808.267544198817	0.00651023091003154
808.382528128068	0.00411004789323171
808.497483286181	0.000890903959935481
808.612401144948	-0.00233184406576166
808.727324594703	-0.00256519063504471
808.842223764743	-0.00279874231430596
808.957133002331	-0.00349878180286449
809.072048502246	-0.00464175885586635
809.186977240012	-0.00578362423194034
809.301904347136	-0.0044530413757548
809.416847260335	-0.00314574846775115
809.531783950194	-0.00363568970112941
809.646720306169	-0.00589875158863853
809.761648728387	-0.00818514401107043
809.876577041347	-0.000112778927790467
809.991518480337	0.00798221491096245
810.10647291746	0.0106174001769256
810.221445727572	0.00781685379969557
810.336436911108	0.00504016703533077
810.451432517204	0.00177574525067366
810.566442819049	-0.00151128207310409
810.681464827442	-0.00181383434017402
810.796501104691	0.000819289605827592
810.911562318712	0.00347401234310571
811.026633230233	0.00165713502723974
811.141725564823	-0.000135810800299731
811.2568205299	-6.59669834718207E-05
811.371928068095	0.00184260955124713
811.48703926258	0.00375118029341819
811.602156991048	0.00393738231704463
811.717273331444	0.00410066916667325
811.832385000734	0.00349607343906456
811.947479926965	0.00216979662282902
812.06255409678	0.000819361588572375
812.177610320005	0.000936189558881941
812.292637933362	0.00105319219071839
812.407647851275	0.00119352115956114
812.522629410703	0.00131072938176984
812.637593503486	0.00142791499746168
812.752545018642	0.000914488048468292
812.867480782338	0.000424233542098428
812.982416960617	0.000424233542098428
813.097354054512	0.000937919543398697
813.212300648348	0.00145138753348392
813.327232999846	-0.000790058875672229
813.442167802307	-0.00300867416976456
813.557089831707	-0.00480728675595269
813.67199509818	-0.00613961138955509
813.786884980525	-0.00749576821707982
813.901778961494	-0.00686374898335404
814.016666858904	-0.00625530716737242
814.131565321711	-0.00576332767301513
814.246472000374	-0.00541166460869623
814.361389933699	-0.00506018685685805
814.47631278656	-0.006039265734304
814.591242286209	-0.00704132874112641
814.706177799943	-0.00491757203727511
814.821124411374	0.000330356001970906
814.936087181175	0.0055531230759319
815.051063964617	0.00333749894382317
815.166052614651	0.00112265346999168
815.281041020223	-0.00025251787444264
815.396034072354	-0.000765293629994421
815.511020496071	-0.00127818170133019
815.626006648337	-0.00862008588549215
815.740971965507	-0.0159621023854381
815.855929592189	-0.0163335948865935
815.970885959514	-0.00968969880387989
816.08584206205	-0.00307170474977669
816.200758382808	-0.00493872550399665
816.315651959463	-0.00683137238574007
816.430499722053	-0.00842289181370916
816.545294987636	-0.00978365863576916
816.660039183674	-0.0111229639651711
816.774772551173	-0.011333345492351
816.889467975833	-0.0115213651642839
817.00415616075	-0.010422609388359
817.118850189913	-0.00801258221451479
817.233546948701	-0.00562719226658175
817.348237005162	-0.00705248430134936
817.462927072974	-0.0085011417793099
817.577609409606	-0.00815066013141622
817.692286059397	-0.00600103935766833
817.806953650199	-0.00387512495969516
817.921634889234	-0.00550939555599832
818.036320150095	-0.00714217529221183
818.151005622986	-0.00833171833512414
818.265704130121	-0.00902980582402184
818.380396137915	-0.00975257641498976
818.495089105725	-0.0104285423821796
818.609771632458	-0.0111053658883473
818.724446362568	-0.0111753821131232
818.839105730017	-0.010639526584553
818.953752923571	-0.0101269196118948
819.068392423216	-0.0140006009113189
819.183015234277	-0.017896939691616
819.297631550291	-0.0185704971940625
819.412241101355	-0.0160008732101999
819.526854381187	-0.0134309717451044
819.641451989909	-0.014037405696895
819.756049541342	-0.0146658748087755
819.870628727731	-0.0170214303994971
819.985191190855	-0.0211494832664052
820.09973052219	-0.0252775361333132
820.214239441775	-0.0215264247882432
820.328721416651	-0.0177755565849687
820.443175820547	-0.0155397267908251
820.557595251337	-0.0148214384232024
820.671983061999	-0.0141259987584765
820.78632746023	-0.0122874246212875
820.900640881957	-0.010469364953292
821.014937450228	-0.00976889117094954
821.129230255757	-0.0102104121339073
821.243518914935	-0.010651699687089
821.357794584664	-0.00850263786655753
821.472069971422	-0.00635319779033233
821.586333570407	-0.00717183525627786
821.700592757426	-0.0110041485003649
821.814833362693	-0.0148370928041103
821.929061362607	-0.0111687325337751
822.043280022063	-0.00749972655262979
822.15748568131	-0.0085991423559731
822.271678560968	-0.0144669657550611
822.385850850594	-0.0203114113716826
822.500001918985	-0.0180219746776614
822.61413652937	-0.0157087529994847
822.728257635302	-0.0154515521244562
822.842355614576	-0.017253476740864
822.956439726095	-0.0190540413350808
823.070512428882	-0.0162699185450014
823.184570771574	-0.0134874727151478
823.298621460099	-0.0119910312604367
823.412661979567	-0.0118039760785978
823.526687118118	-0.0116179434005231
823.64070632444	-0.0100512183639968
823.754715543088	-0.00850787728323957
823.868721931298	-0.00960607769199079
823.982719593285	-0.0133693865251525
824.09671343766	-0.0171305253524171
824.210696053975	-0.0163810605623241
824.324673504535	-0.0156317275987892
824.438638584949	-0.0146267482996364
824.552589731331	-0.0133191100164052
824.66652804879	-0.012034617249617
824.780450979083	-0.0118954096837476
824.894358658963	-0.0117561775677499
825.008250208022	-0.0128327795787117
825.122129110487	-0.015147587453968
825.235990777931	-0.0174623953292243
825.349833583943	-0.0162245826870258
825.463661285204	-0.0149865520668073
825.577470638251	-0.0156895134563929
825.691259542307	-0.018287199204337
825.805020504564	-0.0209105752115243
825.918785212586	-0.0184960821759124
826.032539500542	-0.0160828633631625
826.146291914415	-0.0155657215309859
826.260033283707	-0.0169450106965086
826.37377062371	-0.0183226873397694
826.487492402111	-0.015961739090307
826.601205923949	-0.0136241665660868
826.714908632051	-0.0134839122146336
826.828593516165	-0.0155423437485195
826.942261649233	-0.0176245173983014
827.055908104688	-0.0136991154639685
827.169538736452	-0.00974894300007666
827.283161629184	-0.00977233107273932
827.396784443952	-0.0137446735901763
827.510401385129	-0.0177149184834722
827.624010831153	-0.0164044342306135
827.737619219006	-0.0151175521434087
827.851220733879	-0.0157004608676627
827.964802663203	-0.0182259764872998
828.07836311574	-0.0207303870397163
828.191906942163	-0.018020388689967
828.305420095807	-0.0153126084120329
828.418933241799	-0.0140486382606645
828.532440892014	-0.0142085596971418
828.64594832855	-0.0143917657765526
828.759443037281	-0.0167053517411936
828.87293137555	-0.0190423072610329
828.986400390062	-0.0184129493801654
829.099855518445	-0.0148383984552199
829.213296782333	-0.0112632183166244
829.326737669522	-0.00768605595864592
829.440170081578	-0.00410988471035894
829.553616330192	0.000471271329625522
829.667077924602	0.00607835997686144
829.780561799804	0.0117058466189764
829.894072561041	0.00705527663151074
830.007604013579	0.00240797722560072
830.121152106841	0.000610575008663011
830.234714901399	0.00161368065649484
830.348293171951	0.00263976001866162
830.461870899944	-0.000719246363765304
830.57545094342	-0.00407825274619222
830.689032918229	-0.00459103067861864
830.802621298498	-0.00223487509194106
830.916217841628	9.71360986290479E-05
831.029820905686	0.00149597563589573
831.143434242292	0.0028945693148377
831.257050378578	0.00371049231560041
831.370666796137	0.00394395976520261
831.484289066837	0.00417710111085089
831.597903726538	0.000633408322893858
831.711518882896	-0.00291065159398662
831.825128474952	-0.00379666657320674
831.938741896769	-0.00207108695252287
832.05236314724	-0.000345780214234593
832.165986358463	-0.000975065529992876
832.279616449215	-0.00160424025674578
832.39325026624	-0.00221000052323489
832.506876584736	-0.0027928432411164
832.620500359571	-0.00337578838553076
832.734124751919	0.000819649614438355
832.847750209721	0.00499177962551875
832.961375324752	0.00669385101333715
833.075002183775	0.00587851628905561
833.188622085071	0.00506348321899446
833.302233590215	0.0067207041683697
833.415837980949	0.00840212762173512
833.529444103575	0.00938274878577874
833.643046826292	0.00971022994004717
833.756651787743	0.0100144340082961
833.870262060327	0.00695759646747244
833.98387261705	0.00390075892664878
834.097475388704	0.00392478369689344
834.211078129914	0.00700672975616329
834.324677820046	0.010089759992557
834.43827686321	0.0131972258949154
834.551877682055	0.0163057850492641
834.665490433272	0.0154416438359974
834.779111400245	0.0106061911092567
834.892744951971	0.00579443030647541
835.006410064615	0.00938604922941879
835.120104173943	0.0129978389563027
835.233811645344	0.0171036521283021
835.347533434617	0.0217050875041179
835.461267847614	0.0263089502159359
835.57504449581	0.0261130380275566
835.6888444424	0.0259172619729997
835.802674624459	0.0243502471540556
835.916538175212	0.021431444150903
836.030422024198	0.0185152938682198
836.144309841185	0.0215984537987683
836.258217677286	0.0246810696866574
836.372123416434	0.0272096695782152
836.486036884879	0.0292032086639843
836.599954435129	0.0311747998493162
836.713854935739	0.0315472278533409
836.827755005163	0.0319173634819323
836.94163908579	0.0292700911283433
837.055499787692	0.023555086496556
837.169335073788	0.0178554447288615
837.283184736006	0.0234097623080502
837.397034688406	0.0289650585738696
837.51090299716	0.0278896729344692
837.624783165217	0.0201818525289671
837.738668630652	0.0124726735995024
837.852568488626	0.0230216042954915
837.966497324396	0.0335694358596179
838.08044900031	0.0356352630759661
838.194412662816	0.0291965162818032
838.308385487236	0.0227778167146001
838.422359822803	0.0262582798863136
838.536341533508	0.029741197102586
838.650334355318	0.030782047736555
838.764329096621	0.0294072865564909
838.878324636445	0.0280340262694956
838.992328779506	0.0306058351824671
839.106343968986	0.0331765302197261
839.220367184183	0.0356341496870428
839.334416848223	0.0379221204875212
839.448487159411	0.0402108987388067
839.562581764149	0.0381002300315622
839.676698887026	0.0359888151743101
839.790842198363	0.0339678105202495
839.90500734409	0.0320406051222137
840.019200702176	0.030086860941404
840.133426744635	0.031849479803547
840.247692634442	0.033585286692619
840.362000009474	0.0351557792293508
840.476358429701	0.0365342950051987
840.590766693554	0.0379120795474745
840.705209643442	0.0359837480665218
840.819693627671	0.0340319003479964
840.934209558313	0.0328560884693667
841.048762562028	0.0324534478590287
841.16334428968	0.0320537071042503
841.27795437979	0.031562695402874
841.392592441286	0.0310480785790717
841.507258830764	0.0285786556747795
841.621962730625	0.0241743291152447
841.73669440301	0.0197488275138529
841.851464819878	0.022587056872765
841.966276915191	0.0254472766902005
842.081134633194	0.0239352504512727
842.196029438928	0.0180810721564339
842.310958151614	0.0122310215763241
842.4259163022	0.0131193565792594
842.540907482892	0.0139837651740952
842.655934406592	0.0139788356720011
842.770998950306	0.0131523628483571
842.886100270933	0.0123031894566696
843.001241722744	0.0129300286941454
843.11641855784	0.0135340999736704
843.231623650797	0.0144444940736231
843.34683939644	0.0156408805839853
843.462072438246	0.0168376883557414
843.577323195749	0.0172122931056794
843.692586676458	0.0175634850587463
843.807874391073	0.0182408496462539
843.923190038578	0.0191739017251242
844.038534654559	0.0201300273997237
844.153897865792	0.0178833883256113
844.269282728374	0.0156133467611435
844.384688633266	0.0150035608979513
844.500119349259	0.0160069605110468
844.615581342764	0.0170085092550938
844.731062962881	0.0161416534374908
844.846571432912	0.0152983361667497
844.962095684524	0.0149943179837102
845.077638707342	0.0152515641385898
845.193192719278	0.0155101754755989
845.308793549099	0.0162514404059016
845.424417769584	0.0169935468548896
845.540068804879	0.0176463416745452
845.655741874933	0.0181853941700077
845.771429535527	0.0187495628767304
845.887160998719	0.0183223870061528
846.00291698759	0.017895510564826
846.118696512659	0.0169363745832694
846.234489921192	0.0154443607610975
846.350295631357	0.0139518215970993
846.466139488906	0.0104193661997675
846.581998844243	0.00689001552341085
846.697877508005	0.0029209609585659
846.813765314511	-0.0015128770235122
846.929657510188	-0.00592260280338288
847.045562601078	-0.00302856325168381
847.161478317133	-0.000136049651467632
847.277405764878	0.000889886343194419
847.393352118848	5.04904177810348E-05
847.509311088242	-0.000788463042840023
847.625270967086	0.000842809475645888
847.741246978582	0.00247386462140854
847.857218784995	0.00359266886395071
847.973184298264	0.00415305696100165
848.089149511085	0.00471332620584192
848.205116263958	0.00392064563063778
848.321080983212	0.00310465092086882
848.43703991759	-0.0003691875746447
848.552989114347	-0.00652523354491064
848.668913859972	-0.0126834765393564
848.784828503371	-0.0068768201892139
848.900733916153	-0.00106914286193477
849.016638102447	-0.00113912216156867
849.132542765491	-0.00706279438723863
849.248444212381	-0.0130065591203633
849.364353743263	-0.00500778764971257
849.480288003565	0.00296320337989716
849.596233428677	0.00286949173729244
849.712178585162	-0.0052614235340852
849.828114744302	-0.0133923388054628
849.944008698487	-0.0192701434362151
850.059859611319	-0.0251309746254807
850.175661528637	-0.0232059279794566
850.291422232117	-0.0134147217045826
850.407152158529	-0.00361490117899949
850.522817949057	-0.0147397151118173
850.638424019424	-0.0258564966142447
850.753949359543	-0.0279830287711364
850.869390550779	-0.0210787668514259
850.984765663483	-0.0141820802176328
851.100063242305	-0.0251521923920569
851.215269212585	-0.0361397210386333
851.330407987812	-0.0387166740685355
851.445491145007	-0.0328955956436083
851.560527524804	-0.0270489580872076
851.675521106	-0.0258806194631481
851.790481246999	-0.0247094800742903
851.905396109531	-0.0258214823470365
852.020256898958	-0.0292448450353874
852.135062934811	-0.0326712287774427
852.249817797404	-0.034587225956098
852.364519679645	-0.0365245647198644
852.479155115651	-0.0366820732107217
852.593720476833	-0.035081088558118
852.708217485134	-0.0335014248645054
852.82265813245	-0.0351419283435083
852.937030156212	-0.0368072025890348
853.051339580102	-0.0363274134458715
853.16558104614	-0.0337025655719474
853.279759921372	-0.0310981090712505
853.393865589423	-0.0422131914950609
853.507884880466	-0.0533637610155157
853.621821611802	-0.0582196235403805
853.735674813438	-0.056847245169643
853.849448899532	-0.0554499363100521
853.963123695886	-0.060186858088075
854.076708798677	-0.0649009907412317
854.190170703637	-0.0667941076457531
854.303513614287	-0.0657768540653822
854.416728225927	-0.0647867787181264
854.52978946102	-0.0663697094033724
854.642704644829	-0.0679337328823099
854.755440553886	-0.0759374981759026
854.867982970693	-0.0903915103733735
854.980323591297	-0.104895367340624
855.092429600214	-0.0975431134187279
855.2043326096	-0.0901456089829916
855.316016000321	-0.0888382365885723
855.427479881591	-0.0936167784029655
855.538721835048	-0.0984425727167319
855.649720829065	-0.0924791284947238
855.760501450456	-0.0864975693504517
855.871055258682	-0.084866926467035
855.98138673441	-0.0876723156035379
856.09149508383	-0.0904674661603184
856.201366269892	-0.0930797027967193
856.311007959862	-0.0956819177681946
856.420418032596	-0.0969713984841275
856.529611478195	-0.0968941280695956
856.638578995683	-0.0968249611465535
856.74732582395	-0.108263899742219
856.855849671975	-0.119752158603717
856.964154856277	-0.120803763155507
857.07226507599	-0.111345866154372
857.18017659652	-0.101830097060992
857.287924178817	-0.110689787368932
857.395489074177	-0.119581833799192
857.502879805729	-0.123299891928763
857.610085977302	-0.121786304507316
857.717116012805	-0.120265726106028
857.824045240868	-0.119930395924925
857.930840977861	-0.119583453156851
858.037549438958	-0.117559409879728
858.144185010512	-0.113793826046089
858.250748388957	-0.110024758262317
858.357244882269	-0.11607983523822
858.463669345359	-0.122151749937267
858.570025994867	-0.125173494156686
858.676303863089	-0.125214510284149
858.782505485221	-0.125267117144298
858.888613558414	-0.129424088056683
858.994629935235	-0.133628341415875
859.100562942383	-0.133661052664158
859.206408100591	-0.129559302803908
859.312179572835	-0.125411651581454
859.417898816119	-0.125662485030879
859.523565701482	-0.125901916841889
859.629201758732	-0.125626130882293
859.734817737535	-0.124834860582646
859.840421640455	-0.124031953115651
859.94599710941	-0.123844734237092
860.051560172711	-0.123657368035389
860.157124157961	-0.123735126370103
860.2626862015	-0.124086499791885
860.368267761223	-0.124414750721905
860.473841790617	-0.125707625022465
860.579435317067	-0.126989208633907
860.685056252415	-0.125813882093717
860.790730986553	-0.122214125983328
860.896455992768	-0.118620323163487
861.002292629318	-0.116651873470363
861.10822113259	-0.114663675262146
861.214291558236	-0.111368636814295
861.320529155828	-0.106785085437004
861.426929265772	-0.102200005250091
861.533523225291	-0.101781269384958
861.640312631823	-0.10135519468859
861.747300365758	-0.09626247425404
861.854487598144	-0.0865440977171476
861.961877798808	-0.0769003213911265
862.069549961027	-0.0762124319352087
862.177467017979	-0.0755298123352097
862.285670048869	-0.0742300609571924
862.394170059817	-0.072308136008263
862.502956420088	-0.0704091730947361
862.612028158648	-0.0591485996973503
862.721375876748	-0.0479644322594706
862.830980827707	-0.0408798185617375
862.940831251846	-0.0378894587317002
863.050920706239	-0.034899690806622
863.161243577095	-0.0339314932860472
863.271796956088	-0.0329939923729299
863.382557545522	-0.0287229018179763
863.493511277827	-0.02116960348284
863.604660170158	-0.0136578737081388
863.715967554496	-0.010133002742995
863.827450711333	-0.00660191885434126
863.939074966282	-0.00746077353725448
864.050834680429	-0.0126802680097255
864.162737705218	-0.0178779026956
864.274731921198	-0.0159495397399357
864.386838048503	-0.0140265974676365
864.4990259392	-0.0130016630066816
864.61129556281	-0.0128697503011532
864.723644184711	-0.0127381308461688
864.836040928024	-0.0102059211783486
864.948492665436	-0.00765459716056813
865.060955592225	-0.00634649463227395
865.173405379238	-0.0062564077756517
865.285844680759	-0.0061662248974667
865.398289975113	-0.0122194723039915
865.510728067503	-0.018249348098908
865.623175646962	-0.0191374693400197
865.735630623995	-0.0148370928041103
865.848096273705	-0.0105357891688177
865.960583038995	-0.00443477427145731
866.073082472214	0.00163859545377785
866.185600820371	0.00532651320325314
866.298153648196	0.0065830845950458
866.41072684269	0.00783879800323547
866.523320174988	0.00832555361575444
866.635930726605	0.00878943702998439
866.748562362318	0.00645677820005843
866.861212250901	0.00128468025119824
866.973880256732	-0.00388412582332177
867.086572466742	0.00016677669333738
867.199276091072	0.00419193756505037
867.311989281568	0.00793654374433522
867.424699535898	0.0114259929577024
867.537413261311	0.0149141328514159
867.650109849673	0.0185212063582156
867.762790313589	0.0221308560487644
867.875441396455	0.0218127765851834
867.988046308959	0.0175657429540171
868.10060711562	0.0133139015717159
868.21313764278	0.0126901058180922
868.325619319743	0.0120668211446538
868.438060033042	0.0125645369673185
868.550453638942	0.0142321822482651
868.662799414285	0.0158787932677557
868.775090373891	0.0253420880862077
868.887322359884	0.0347953035558942
868.999515242789	0.0391404582899796
869.111680418465	0.038367563739419
869.223823867511	0.0375913578313907
869.335943142479	0.0375712481418718
869.448046590147	0.0375511347634892
869.560135099576	0.0359817863802946
869.672207450438	0.0328899358342992
869.784262378751	0.0297772852074793
869.896297290422	0.0298996788135028
870.008312301837	0.0299986816649583
870.120306578539	0.0255742698101841
870.232294457324	0.0166211217735465
870.34426860391	0.0076686494632629
870.456228688279	0.0156643224241586
870.568171737181	0.0236862621318749
870.680092714762	0.0302570046071693
870.791984517036	0.0353789005473951
870.903848231569	0.0405035051283502
871.015677744284	0.0356589425456877
871.127483039633	0.0308317204619873
871.239242550032	0.0312473951165103
871.350959964692	0.0368846014117582
871.462628280343	0.0425522897861165
871.574245724241	0.040648731252186
871.685813189431	0.0387192608250062
871.797341304575	0.0401499596032858
871.908828930906	0.0449484995651972
872.02027774089	0.0497504300110078
872.131657637341	0.0527676998780631
872.242989889772	0.055808970904769
872.354255595731	0.0580042102948998
872.465452311602	0.0593803028703634
872.576588439077	0.0607534299254827
872.687658435614	0.064308545684964
872.798659580028	0.0678516162234973
872.909595260111	0.0685051903722932
873.020464045646	0.0662140584209218
873.131261723587	0.063924505086049
873.241974998016	0.0670754446148145
873.352604188678	0.0702165784722086
873.46316676802	0.0674931121222747
873.573661961563	0.0589251290884061
873.684096820747	0.0503194947763331
873.79448155651	0.0596123332376217
873.904807774131	0.0689245395700903
874.015081439687	0.0721423061894313
874.125300994368	0.0692030004347367
874.235462067074	0.0662888602159474
874.345633034803	0.0645974190644592
874.455779588172	0.062906580002983
874.565918692642	0.0607768604414555
874.676042947459	0.0582304323905377
874.786152973568	0.0556821834606989
874.896246637607	0.0620613239093779
875.006327414528	0.0684137513379811
875.116412361012	0.0693923925385896
875.226518355622	0.0649680933562817
875.336637825298	0.0605531305835677
875.44683855768	0.0545093454784315
875.557090956216	0.0484805790539322
875.667427605746	0.0452123284867199
875.777846130159	0.0447222791020557
875.888349544136	0.0442334957280291
875.998932642563	0.0426544266016839
876.109592885022	0.041082893526833
876.220325025485	0.039779832897541
876.331123825401	0.0387677876559868
876.441989421117	0.037733981849823
876.55291925738	0.0369153962014083
876.663908066082	0.0361015836983982
876.77494764253	0.033781599930929
876.886040298028	0.0299048433886504
876.997174787437	0.0260594899900184
877.108385818928	0.0229149653432362
877.219654069185	0.0198012139646426
877.330984990749	0.0196171641563531
877.442384520213	0.0223267256607439
877.553842426516	0.0250332282749022
877.665383124983	0.0250727507208955
877.776998633252	0.0251099436536157
877.888685840003	0.0222948335075032
878.000451833936	0.016609414890744
878.112284757562	0.0109613079846648
878.224106665547	0.0125065922567981
878.335950260263	0.0140305510715854
878.447794389416	0.0160190723075298
878.559639590478	0.0184021963928183
878.671489128686	0.0208082767156772
878.783343057091	0.0206913980894661
878.895204121653	0.0205511437380129
879.00707507689	0.0204558406618608
879.11895329238	0.0204306691126691
879.230841531792	0.0203821323586567
879.342738904278	0.0162209242318865
879.454644482814	0.0120604482304525
879.566557478436	0.00860160583735311
879.678477246404	0.00582085059622755
879.790403133348	0.00304058455763805
879.902345994718	0.00327331341180784
880.01430588702	0.00350561104725473
880.126269533604	0.00441567378905914
880.2382319195	0.00600404328894137
880.350193438747	0.00761632262251066
880.462156190802	0.00509440817305579
880.574114161908	0.00254914266388375
880.686072565133	0.00177855769321699
880.798015430703	0.00271331598066667
880.909961891022	0.00367128504255972
881.021920054055	0.00369366945815841
881.133884532075	0.00373938888750869
881.24586615618	0.00385510644962492
881.357864969234	0.00401743211522984
881.469881020216	0.00420300051400842
881.581914410712	0.00459837190346216
881.693970636283	0.00496978168605502
881.806036087082	0.0045027075186625
881.918118537752	0.00319678356247675
882.030212256237	0.00186801663470835
882.14232200925	-0.000648411771365257
882.254449858919	-0.00318652375053901
882.366589942912	-0.00504819510760983
882.478747364312	-0.00625717847650323
882.590919125024	-0.00748879394120963
882.703100553054	-0.00457934944015127
882.815289668459	-0.00167107308980237
882.927476217406	0.000538958725393088
883.039647079775	0.00207517985164355
883.151805329569	0.00358919898180761
883.26392092064	0.00217055919247488
883.376009698303	0.000749857427118571
883.488058185567	0.000820298228180367
883.600069469504	0.00238463643166484
883.712049340708	0.00395055370870599
883.824011238167	0.00369464431977904
883.935949693233	0.00341523424907511
884.047878264113	0.00364953083660702
884.15980523459	0.00437398704775721
884.271728090533	0.00509844325890741
884.383657445608	0.00435023470941732
884.495595812581	0.00360184089156407
884.607543259065	0.00385815926031429
884.719513613405	0.00514111029249014
884.831501809736	0.0064231585924011
884.94350172436	0.00357470257301361
885.055518024348	0.000727248197244066
885.16755030048	-0.000859280499195436
885.279595769205	-0.00118556657672543
885.391657046887	-0.00151168057416538
885.503744782181	-0.00209366501501603
885.615853433051	-0.00265184238625849
885.727982669243	-0.0039550119383376
885.840129266672	-0.0060260133064118
885.952292706762	-0.00809592345981438
886.064455513215	-0.00250986275102103
886.176627196662	0.00307619795777232
886.288794905159	0.00561369346700526
886.400950420621	0.005126220628793
886.513101715651	0.00461479573165881
886.625208221721	0.00431508955070875
886.737283357406	0.00401531358892712
886.849324139269	0.00287428757952834
886.961321952752	0.000867866364247173
887.073287077865	-0.00114092679065637
887.185216905246	-0.000790893408117745
887.297119617967	-0.000463837323147924
887.409003267836	-0.0006510973540268
887.520875755114	-0.00142316492662463
887.632736886993	-0.00217197213531916
887.744618772787	-0.0032938349451818
887.856513026147	-0.00441451929447209
887.96841973146	-0.00410952307594477
888.08033123294	-0.0023800238169377
888.192256061422	-0.000673836875095752
888.304184397964	0.00318185975641839
888.416119922428	0.00701351250078353
888.528067886485	0.00640488390304332
888.640024304239	0.00138195430174808
888.751990579952	-0.00366256135297656
888.863978159773	-0.0011400239404848
888.975982290387	0.00138073945032619
889.088008402191	0.00149689637791788
889.200061300977	-0.000812266451897983
889.312143100017	-0.00309582047242656
889.424243332545	-0.00181335631298522
889.536370426008	-0.000531793083458414
889.648508194715	-0.000485128720668737
889.76064554871	-0.00162625985409945
889.872790288698	-0.00279063589621853
889.984952954191	-0.00381394670552642
890.097130592267	-0.0048128448371798
890.209320769479	-0.00378800561257845
890.321532368873	-0.000693844563089112
890.433760767313	0.00237543661533865
890.545963070052	0.00353952699853525
890.658161165405	0.00470463938316469
890.770333882149	0.00633640249272744
890.882481766889	0.0084354309346969
890.994599982355	0.0105605329071977
891.106700882098	0.00608832506068031
891.218780606271	0.00161282978350331
891.330847393328	0.00214952698241499
891.442918900358	0.00772288560897175
891.554991208838	0.0132952645328884
891.667093006988	0.00939698952548632
891.779212468199	0.00550213765610526
891.891349345068	0.00454573168156814
892.003493382703	0.00654881033886798
892.115653227865	0.00855113782561141
892.227828664565	0.00771068141080242
892.340011368778	0.00684799155139652
892.452192855271	0.00540514706529699
892.564356366522	0.00335785945456475
892.676498632037	0.00128558344494921
892.788627543421	0.000516691161328832
892.900732090389	-0.000252606656326263
893.012820742819	0.00110002201625192
893.124894466125	0.00459958474084927
893.236954228138	0.00807765907785057
893.349026432576	0.00590649908228534
893.461102377197	0.00373577396712122
893.573187229891	0.00289558709588287
893.685286528684	0.00338471799520897
893.797403112139	0.00387333651487297
893.909523479202	0.0038496881699716
894.021661123275	0.00382570779516298
894.133797341811	0.00450152069567857
894.245935228728	0.00587696676252816
894.358077882414	0.00725201727385888
894.470213465256	0.00359330029219571
894.582351728699	-6.60539633329023E-05
894.694492532639	-0.000555472917595225
894.806642050046	0.00214763878241613
894.918801058011	0.00484980061427553
895.030944414162	0.00189148466610112
895.14308476164	-0.00106839136673368
895.255203413219	-0.000345901791243889
895.367304343815	0.0040859988777621
895.479386140088	0.00852101719445858
895.591463819162	0.00441450908776805
895.703528097115	0.000330617491727188
895.815597497585	-0.000952929501552158
895.927672473976	0.000610521328199827
896.0397561803	0.00217342241194051
896.151839562677	-0.0011158938224454
896.263921666384	-0.00440559735358097
896.375999754696	-0.00454598021851367
896.488072000211	-0.00153621166122841
896.600139272531	0.00147408620840133
896.712212667376	0.00250068066367611
896.824292482861	0.00352678452016235
896.936370263923	0.0022902661692553
897.048453099576	-0.00118598353423809
897.160529184673	-0.00466264314943479
897.272601242568	-0.00459304920205207
897.384666597703	-0.00452344299792603
897.496731249347	-0.0024464776307543
897.608804470279	0.00163715512030568
897.720884738138	0.00571935196957639
897.832982809443	0.00555458753929962
897.945095942318	0.00538990979028608
898.057221272991	0.00480616034519605
898.16935042118	0.00382705274428079
898.281491193659	0.00282438484189043
898.393602765246	0.00168293239694267
898.505709086438	0.000517100052781648
898.617797149737	0.00217399573564916
898.729879072475	0.00665483128157127
898.841948090545	0.0111374341576177
898.954000913399	0.00908664015517877
899.066039639892	0.0070344021315428
899.178085891823	0.0070804937184448
899.290143015373	0.00920257579405762
899.402217062048	0.0112998260399619
899.514304442851	0.00831100545501268
899.62640964418	0.00529990517429321
899.738532002902	0.00312934001533065
899.850663013375	0.0017995338103023
899.962807665995	0.000470195037248046
900.074951402404	-0.00298060014497769
900.187098564999	-0.00643139532720342
900.299232800695	-0.00696889247434222
900.411354847022	-0.00456810784362948
900.523468143965	-0.00214253546607184
900.635572395677	-0.00312269246127601
900.747667300035	-0.00412635644772785
900.859760676972	-0.00505974195637629
900.971854964051	-0.00594593538956711
901.083944503308	-0.00683257366456762
901.196046704129	-0.00279554466553608
901.308154674002	0.00124006501167538
901.420263224592	0.00193979649451066
901.532371552981	-0.000742572796976603
901.644476158076	-0.00342541373169509
901.75654799401	-0.00125652742233154
901.868606602559	0.000914568483681523
901.980635651107	0.000447744173522498
902.092647697055	-0.00270675000669622
902.204631005372	-0.00586342578567564
902.316637802534	-0.0027301175057562
902.428644714747	0.000400986231854782
902.540667943164	0.000400880428412285
902.652698469589	-0.00270484577248055
902.764738069915	-0.00583337469107265
902.876765683249	-0.00403621117195484
902.988795344119	-0.00221486311615284
903.100816708736	-0.00067348127272272
903.212838266798	0.000657880406195868
903.324857703519	0.00196588486267729
903.436888014928	0.000260761746295429
903.548928705673	-0.00142028763534308
903.660982613236	-0.000953097101165174
903.773053206194	0.00166063370589251
903.885141262242	0.00429631444973568
903.997251707102	0.00268570455183553
904.109381373057	0.00109953871315973
904.221526679266	-0.00188391154718592
904.333689027301	-0.00628707693356215
904.445864434686	-0.010687921592883
904.558021729811	-0.00656667451476089
904.670178318123	-0.0024199481871962
904.782318520693	-0.000648867717046076
904.894447567514	-0.00123188637020113
905.006562589966	-0.00181511000384637
905.118666436621	-0.00130229270929281
905.230759263222	-0.000765966563468176
905.342852003533	-0.000299396884831876
905.454944785524	0.000143831665052724
905.567045835916	0.000586930699461088
905.679149248997	-0.00116214208903242
905.791259924814	-0.0028875891918087
905.903369598065	-0.00347054501762632
906.015475739123	-0.00288784300675501
906.127573117825	-0.00230524116802339
906.239689039737	-0.00123199464648667
906.351802214915	-0.00015932791820702
906.463928895697	2.71803806036449E-05
906.576055390472	-0.000648810697540662
906.688186910404	-0.00130149173850758
906.80030192654	-0.00106867308455532
906.91240860336	-0.000835731588004408
907.024498776634	-0.00106923685458177
907.136566846728	-0.00176971363470958
907.248609913818	-0.0024709005019871
907.360634479174	0.00138183274447036
907.472630849366	0.00523773881812223
907.584615072607	0.00470157450034802
907.696588439873	-0.000206482106019552
907.808549534415	-0.00513877830316737
907.920541687633	-0.00466879831782527
908.032546128047	-0.00422266465409691
908.144571030419	-0.00398775096911647
908.256611005716	-0.00396371096119873
908.368666055382	-0.00396301398371437
908.480758093422	-0.00284120244141116
908.592873930269	-0.00174407590196585
908.705011919998	0.00196087942902961
908.817160357791	0.00827457008388159
908.929329152185	0.0145636834789287
909.041508673073	0.00913417930352242
909.153697356311	0.00368329489796354
909.26587511563	-0.000438673349387262
909.378030342687	-0.00323537182056889
909.490162233282	-0.00603502020492073
909.602269417785	-0.010865289641375
909.714345150413	-0.0156989564145727
909.826394102453	-0.0184586925530709
909.938426939847	-0.0191622863049818
910.050438130948	-0.0198894763146147
910.162438180156	-0.0212455871879173
910.274424109739	-0.0226019365524383
910.386393857963	-0.0205037631218785
910.49835702405	-0.0149694181784584
910.610304265801	-0.00943492938764286
910.722255836713	-0.0147838444682327
910.834199636512	-0.0201318184439284
910.946143934942	-0.019732974781452
911.058090292523	-0.0136121850641017
911.170045629902	-0.00746846195478419
911.282018574948	-0.00531829322249428
911.394006945313	-0.0031929709390794
911.506015873678	-0.0043115170783052
911.618033521253	-0.00867203533535533
911.730069659887	-0.0130531914876906
911.842087285198	-0.0213575068829211
911.954106176903	-0.0296621346586167
912.066093868107	-0.0306991102115478
912.178051886743	-0.0244360845473438
912.289984388065	-0.0181414918383851
912.40184444783	-0.0233037675273928
912.51365809027	-0.0284978382282512
912.625397125644	-0.0352744221014013
912.737065569276	-0.0436833758648659
912.848659535964	-0.052110112097434
912.960157647444	-0.0536647172284879
913.071565568168	-0.0552285424073701
913.182875816948	-0.0548399816572898
913.294081164022	-0.0525420947560325
913.405185116935	-0.0502131585170754
913.516107192315	-0.0717045838701339
913.626883823342	-0.0932942098675098
913.737472997154	-0.0982681989152496
913.847874554125	-0.086433131795605
913.958085089954	-0.0745324387790321
914.068040376816	-0.0832829947918002
914.17777109846	-0.0921066306104706
914.28719767846	-0.102886061299104
914.396292342858	-0.115711176594414
914.505060607592	-0.128662965066279
914.613441615307	-0.146814455979138
914.721454130318	-0.165219464167552
914.828899147628	-0.181056537859925
914.935680843801	-0.194383655694039
915.041810852394	-0.208079410474307
915.147354522129	-0.198219890196536
915.252237111907	-0.188133416477485
915.356595664313	-0.186675217361824
915.460459380821	-0.194131905170672
915.56383890899	-0.201745531800737
915.66699185274	-0.202092042937236
915.76981607304	-0.202447587622707
915.872560352082	-0.196090288889362
915.975305408441	-0.183004493712794
916.078044303302	-0.169913691781954
916.180916735651	-0.165701725413799
916.283892047808	-0.161497723522152
916.386990015714	-0.161279813113911
916.490208290833	-0.165039868628927
916.593552814646	-0.168769559232873
916.696957453335	-0.17346415490599
916.800461566511	-0.178193400671627
916.904059404753	-0.179473055240311
917.007769916009	-0.177363402245339
917.111587551196	-0.175243356610403
917.215571202747	-0.176694593018383
917.319698874486	-0.178133356327471
917.423994925929	-0.176657227877992
917.528456932822	-0.17218880899314
917.633090237056	-0.167736929108662
917.737858884817	-0.169191731726031
917.842794317339	-0.170630262533894
917.947842284701	-0.172732668805855
918.052992278335	-0.175531704627005
918.158255454147	-0.178348057075826
918.263670411897	-0.175694638266645
918.369210807052	-0.173040711794886
918.474918859689	-0.171840377954894
918.580797658355	-0.172082812235305
918.686852897703	-0.172297630875761
918.793084284008	-0.171978490267386
918.899502165504	-0.171615509852027
919.006066706348	-0.172330538793534
919.112776780153	-0.174093205523701
919.219631227325	-0.17583158617363
919.326662354396	-0.176113452186053
919.433851207648	-0.176395422777648
919.541237231125	-0.175964774269869
919.648834793667	-0.174832938490088
919.756636624666	-0.173718762778767
919.864680905551	-0.174797840888973
919.972957326871	-0.175875220083283
920.081467309111	-0.17549946256426
920.190210431778	-0.173628812632172
920.299183442645	-0.17175992731812
920.408311578279	-0.1733100901868
920.517641012603	-0.174818635239499
920.627143122754	-0.174533300495547
920.736830036427	-0.172434718575361
920.846697613996	-0.170334926371585
920.956784826414	-0.168357879077288
921.06707944976	-0.166393602506262
921.17759512514	-0.165862123106437
921.288341748523	-0.166718367520576
921.399318394728	-0.167573775883275
921.510516072179	-0.170676068677278
921.621947250322	-0.173777174281486
921.733575608086	-0.176648415327506
921.845399385279	-0.17928768978892
921.957416744111	-0.181930947105189
922.069640756597	-0.179310854587869
922.182054760676	-0.17666169568758
922.294669894706	-0.17481038499739
922.407474075947	-0.173818405487552
922.520471239069	-0.172797866487972
922.633635896475	-0.174161697838414
922.746985480048	-0.175511019774788
922.860560631508	-0.171703245596431
922.974376865321	-0.162797896864325
923.088430915414	-0.153899827029841
923.202841865696	-0.161318317002785
923.317578076883	-0.168721200550143
923.432797082206	-0.152658719020286
923.548528807838	-0.113666808101453
923.664726297595	-0.0752381958383019
923.781525427162	-0.0804538836378753
923.898911224994	-0.0855672321257736
924.016975710504	-0.0858141963165135
924.135748434721	-0.0813100856819989
924.25522442542	-0.0769246889368018
924.375355077192	-0.0633042273300486
924.496156240451	-0.0499699661045863
924.617533983845	-0.0435504315053692
924.739472863914	-0.0438904087386268
924.861962607278	-0.0442275361670608
924.985010235249	-0.0348919070792867
925.108577333912	-0.0257148515026879
925.232592801944	-0.0118700623021631
925.356987512587	0.0065468658252539
925.481740582539	0.0247527263210651
925.606659108108	0.0220896661197167
925.731824330753	0.0194433577741792
925.857126424056	0.018971611621215
925.982552411318	0.0206547481587368
926.108097348137	0.0223304560321901
926.233662390812	0.0218015784029035
926.359285844646	0.0212521723840931
926.484888801862	0.0177920639939088
926.610455415079	0.0113674885827385
926.735994035846	0.00495713954131846
926.86146220089	0.00452005743416444
926.986871241083	0.00408205061949648
927.112242776054	-0.000112719460916842
927.237600554953	-0.00801901002307609
927.362954890471	-0.0159514072507429
927.488316534591	-0.022164031402359
927.613704295387	-0.0283785299758174
927.739110344457	-0.0285961404525352
927.864540591491	-0.0228081020670113
927.98998213147	-0.0170190453791086
928.115442961937	-0.0190522632721446
928.240920286216	-0.0210643364603706
928.366411306841	-0.0209998062482296
928.491902412188	-0.0188119220644276
928.617393476342	-0.0166454938908687
928.742893532552	-0.0153153042937903
928.868398160491	-0.0139834150051751
928.993877574552	-0.0159360164921264
929.119327664778	-0.0211349254832219
929.244757809189	-0.0263678004310482
929.370091934463	-0.0237412083878529
929.495361544307	-0.0210784626054696
929.620650423782	-0.021339460648571
929.746032487672	-0.0244956905478241
929.87150091334	-0.0276420786596506
929.996955037867	-0.0330249367728432
930.122484920829	-0.038394722384941
930.247966595992	-0.0382909319909363
930.373373929183	-0.0326399405473052
930.49869965903	-0.0269638282457992
930.623892829611	-0.0271565834888228
930.74896973842	-0.0273502982458568
930.874004490484	-0.0306498200884851
930.99903738573	-0.0371077961360499
931.124087080237	-0.0435392292661365
931.249173610052	-0.0489161369194997
931.374316974746	-0.0542968647213399
931.499584982061	-0.0526721182852788
931.625012494093	-0.0440173475752067
931.750586078754	-0.0354038135739625
931.876202226132	-0.0386778359709065
932.001934809602	-0.0419798627294187
932.127716082626	-0.0416753744922681
932.253541128326	-0.0377634937694895
932.379405056354	-0.0338516130467109
932.505341987864	-0.0288075647657444
932.631321488218	-0.0237718689595368
932.757381735875	-0.024202512159051
932.883535360919	-0.0301570020847346
933.00978954628	-0.0360752302893497
933.136078313041	-0.0371915732478544
933.262440615579	-0.0383319310328937
933.388839949105	-0.0393781936159019
933.515266680968	-0.0404083471878947
933.641727289432	-0.0414155864277982
933.768216911453	-0.0330051345572191
933.894719942705	-0.0245680544509345
934.021239794493	-0.0229639437234677
934.147782641723	-0.0281491164616687
934.274360010126	-0.0333331739341193
934.401008127867	-0.0254126929982567
934.527701357473	-0.0175018651323076
934.654458929103	-0.0110661967196674
934.781291035907	-0.00607883468427033
934.90818635632	-0.00110291561971372
935.035149933259	-0.00757166511997438
935.162194858614	-0.0140278592403263
935.289290867108	-0.0157353036330171
935.416431664624	-0.0127250429403392
935.54360288762	-0.00971723152593697
935.670821553463	-0.00593312834632887
935.798072415284	-0.00217695240315431
935.925343680422	-0.00130884251339742
936.052635116456	-0.00337141424052283
936.179941103501	-0.00543410130195201
936.307235898091	-0.00642082862773374
936.434523361223	-0.00740890463331012
936.561819682886	-0.00518037311348173
936.689129206334	0.000214924242179996
936.816445484228	0.00562890599034488
936.943801689886	0.0116655149394143
937.071171773588	0.0176930524687336
937.19853910224	0.0180860473514803
937.325880333833	0.0128284504088583
937.453212511141	0.00756555447560285
937.580533057339	0.00747191153550941
937.707828621384	0.00737891841980702
937.835132563561	0.00424085661483697
937.962452311687	-0.00196175075696897
938.089792598755	-0.00816070893869076
938.217146725907	-0.00481490728858393
938.34450802381	-0.00149321621719566
938.4718715384	0.00489242112919242
938.59922061981	0.0142939956971404
938.726541252143	0.0237193889801934
938.853817655602	0.0256205881218075
938.98105284868	0.0275461913076579
939.108218573333	0.0263924338309795
939.235309082602	0.022199261126216
939.362329427191	0.0179979412881081
939.48916743845	0.0573531465321979
939.61580189614	0.096830832862528
939.742098897547	0.113567109410869
939.868033071901	0.107388967042047
939.993606297109	0.101153592058491
940.118502251212	0.139313348232935
940.242787866229	0.178089547729628
940.366259044833	0.192708828430652
940.488898151537	0.182469536374062
940.610709939992	0.172012171885243
940.731404094726	0.186914897134884
940.851079811426	0.202228073943382
940.969883602848	0.204785456226997
941.087963374233	0.194073795098052
941.205331528698	0.183227990252859
941.321828990089	0.194021335458529
941.437581655499	0.205015873955566
941.552549904476	0.207717140318133
941.666792652144	0.201826404999133
941.780317514767	0.195840529161346
941.893625042088	0.180242601237822
942.006518891441	0.164647656454058
942.119315982875	0.151530202552026
942.232077543615	0.140869230445372
942.344813789922	0.130303869800499
942.457696068394	0.12399769900765
942.570672678153	0.117783642588694
942.683516828254	0.131939694488689
942.796056158263	0.166644683098052
942.908244456037	0.20166008417393
943.019988868465	0.218987406751624
943.131239500549	0.236447161307128
943.242081315829	0.236228282349675
943.352564720174	0.218220425756731
943.462713042862	0.200198675241216
943.572814397402	0.180517987813655
943.682769419868	0.160999137418631
943.792680032649	0.146287747325756
943.902537268476	0.136376711388454
944.012348144931	0.126482249472671
944.121910084027	0.134804450607076
944.231294596016	0.143139699103514
944.340355541459	0.158782493754754
944.449038056324	0.181867638441358
944.557320227191	0.205106630056513
944.665266492543	0.205175498787516
944.772841885487	0.205224607157628
944.880192094886	0.199900699495795
944.98738775547	0.189240853095842
945.094434591723	0.178664133153043
945.20145276009	0.173898556461369
945.308411673589	0.169174790185033
945.415273657173	0.166149755411091
945.522012655342	0.164801019990839
945.628626846966	0.163425362436939
945.734978560969	0.163568759258192
945.84112923849	0.163696774857904
945.947039013532	0.165817619021835
946.052728108752	0.169932660525811
946.158190109154	0.174027116693398
946.263521535985	0.17472751268905
946.368689805676	0.175410309997615
946.473746109329	0.175865649184695
946.578706920896	0.176076998185968
946.683578025948	0.176298411999831
946.788312893135	0.178088974089371
946.892943233348	0.179878504145859
946.99742930267	0.180345495140422
947.101762094908	0.179534955182186
947.205943411214	0.178713347002949
947.309970048735	0.177395811868132
947.413844193945	0.176049478268987
947.517565114882	0.174993881697421
947.621139971866	0.174212560593725
947.724570556664	0.173402747307147
947.827855044647	0.17409810535029
947.930999814258	0.17476675145776
948.034011443475	0.17525375259015
948.136891288482	0.175575468776443
948.239646167084	0.175897525622978
948.34229028568	0.177790603038378
948.444827253425	0.179667914379336
948.547269956513	0.179259513890192
948.649629534333	0.176564210428278
948.751906161221	0.173885041183181
948.854180097485	0.173065957010885
948.956412837667	0.172237351589898
949.058640980608	0.172889666094892
949.160868386543	0.175002558786747
949.263091025146	0.177101118888397
949.365283778912	0.177921456364803
949.467464802699	0.178713928299193
949.569557917455	0.17929841063252
949.671540994648	0.179686465844191
949.773416277581	0.180048033919771
949.875543089437	0.17516604547204
949.97773416701	0.170328489710715
950.080332510398	0.152860468666355
950.18340955484	0.123177615877254
950.286976151713	0.0940524182556217
950.391322279269	0.0517001592277772
950.496339978012	0.0104490802982793
950.602129923899	-0.00648283937181974
950.70868675806	-2.11081772698957E-05
950.816010450009	0.00625091021006228
950.924127847017	-0.0124965879197193
951.033028234071	-0.0307486412758356
951.142617877599	-0.0415827020911216
951.252846135644	-0.045305942947529
951.363713124993	-0.0489563540096625
951.474992724921	-0.051277490431006
951.586777196695	-0.0535851781319484
951.698810482853	-0.052256456446828
951.811022600379	-0.0473169590303682
951.923407919039	-0.0423920953446661
952.035720647254	-0.0372596013590831
952.14804416772	-0.0321144798512923
952.260299496829	-0.0221983706630393
952.372488023382	-0.00745112524748205
952.484602969935	0.00732784556437393
952.596520314867	0.00508903550584791
952.708302299009	0.00283558702712908
952.819997764645	0.00234744069273578
952.931663284222	0.00363479138079197
953.043304055145	0.00489716195146779
953.154963061507	0.00756355604611262
953.266648187485	0.0102046757024255
953.378354133449	0.00921878392934265
953.490086698278	0.00456254917265857
953.601843569576	-8.95901119786173E-05
953.713595092694	-0.000580358654302179
953.825362904052	-0.00107111931346844
953.937138982651	-0.00200554857168042
954.048931542078	-0.00335956185299707
954.160746098841	-0.00471220795082769
954.272563247866	0.00128784560084641
954.384395983279	0.00728684391476915
954.496227622575	0.013309298324795
954.608060426876	0.0193317527348209
954.719896721059	0.0253519776645651
954.831712742716	0.0192651123612482
954.943527864774	0.0131505237754811
955.055344891891	0.0120519639196137
955.167179807017	0.0159208968751756
955.279029727329	0.0197864277804608
955.390894694599	0.020387591061071
955.502780152035	0.0210117528449566
955.614664630095	0.0199625245800907
955.726529418934	0.0172654336421455
955.838380080284	0.0145893057179577
955.950235999024	0.00355073936090561
956.062086826733	-0.00746189742846442
956.17395704971	-0.0114707152451235
956.285854653996	-0.00850429322632105
956.397784911792	-0.00551721407965231
956.509723628201	-0.00747274026223087
956.62168710973	-0.00945086685713965
956.733651173543	-0.0114070186078997
956.845615947924	-0.0133410546218902
956.957573475604	-0.0152767723024985
957.069512463577	-0.00624102564881727
957.181429687457	0.00280132097189339
957.293333072279	0.00592670289455368
957.405220080199	0.00315238728341526
957.517088168378	0.000353800665258944
957.628931984281	-0.000509577205584404
957.740754277846	-0.00139706354742982
957.852544258073	-0.00153796906965111
957.964304589351	-0.000907692154703274
958.07602713593	-0.000276773571698336
958.187730873509	-0.00156366808280241
958.299405076507	-0.00285146919960902
958.411068638993	-0.00273492807265008
958.522721473009	-0.00121347115815622
958.634366189212	0.000308253764727317
958.746037821221	0.00145484009616414
958.857720100473	0.00257702495478716
958.969423828276	0.0026462696185969
959.081157161022	0.00166341135713704
959.192914755613	0.000658054054323796
959.30471016577	-0.000299660264528694
959.41653804425	-0.00123286137091767
959.528393006707	-0.00144223900585987
959.640258824657	-0.000905698585748612
959.752140865558	-0.000392572760858829
959.864028380202	-0.00127863111255208
959.975921420396	-0.00216453371674863
960.087809283226	-0.00379700028008419
960.199686715786	-0.00622373747190097
960.311559272762	-0.00862766564848983
960.423397082785	-0.00569127827014764
960.53521346461	-0.00277514303290313
960.647002986168	-0.0021922792325279
960.758763060555	-0.00394626903233274
960.870496505698	-0.00572518654672271
960.982240875456	-0.00184312542371064
961.093977008871	0.00206094507143093
961.205740002825	0.00213013487346496
961.317532796466	-0.00158399490605617
961.42935833398	-0.00527021706252711
961.541184056658	-0.00270318121546092
961.653028688221	-0.000136145368394735
961.764878666669	0.0007972521103927
961.876731335409	0.000143869604515348
961.988594837803	-0.000509353240218211
962.100444888966	-0.00071943608430094
962.212300399866	-0.000906176442890713
962.324126283882	-0.00109333414161304
962.435919846919	-0.00123427175010691
962.547683802554	-0.001398662264415
962.659412601629	0.000869241988772127
962.771111492076	0.00313926654364297
962.882791351877	0.00199327288098509
962.994449783779	-0.00257129378951096
963.106097897564	-0.00713764424455213
963.217754169647	-0.000838899397782501
963.329410070989	0.00545762700825162
963.441081714718	0.00686021130358958
963.552782833569	0.00339515383633968
963.664508252857	-4.28702003672723E-05
963.776260819627	-0.00223920300360954
963.888043380564	-0.00443360406913469
963.999837130573	-0.00576383459543044
964.111639405684	-0.00620750473005675
964.223452942755	-0.00665058990174369
964.33528023879	-0.00368429396396013
964.447123784544	-0.000719499341161024
964.558986217764	0.000167158098264022
964.670881123882	-0.00104526503167046
964.782797789952	-0.00225660830947734
964.894739186426	-0.00595983247131477
965.006710994299	-0.00968289155136274
965.118691607191	-0.00935525145947567
965.230680704078	-0.00500163233623831
965.342675249045	-0.000624731827315186
965.454642763546	0.000399824693203367
965.566602064386	0.00144845614626953
965.678520696739	0.00219539967284055
965.790393222008	0.00266402312768959
965.90221960938	0.00311011517100359
966.014067604025	0.000120611235734825
966.12589960864	-0.00286679010637526
966.237742747864	-0.00438303746260617
966.349591627079	-0.00440637210032238
966.461446248876	-0.00440637210032238
966.573317210867	-0.00179241985646804
966.685196207357	0.000820154025275103
966.797096684347	0.00151928977046056
966.909010637199	0.000306873858886574
967.020948958607	-0.000881523697053265
967.132885056486	-0.00603077915079664
967.244838250387	-0.0111557546620466
967.356789637973	-0.0108528838926257
967.468749552635	-0.00509789139281419
967.580706712091	0.000656147698797781
967.692650714046	-0.00405065215843966
967.804587367486	-0.00878324180771317
967.916508620629	-0.00915858386023042
968.02840873206	-0.0051736854481451
968.140290049069	-0.00118598353423809
968.252171103978	0.00296685168201576
968.364046130024	0.00714238948941711
968.475923298585	0.0064186421988919
968.587811198181	0.000796831692693702
968.699707612813	-0.00479968430049049
968.811604624068	-0.00680505234130309
968.923507819602	-0.0088104203821157
969.035400521881	-0.00340118817195858
969.147286981317	0.00940442564993805
969.25915531471	0.0222164961347912
969.37103665039	0.00592930832496273
969.482921557801	-0.0103279209486348
969.594826771033	-0.0161761383642435
969.70675732771	-0.0116713811304532
969.818718234809	-0.00714665769011229
969.930665350182	0.00324197093429952
970.042616635243	0.0136354486840774
970.154548029186	0.011285928337283
970.26645005699	-0.00384431249100521
970.378326776779	-0.0189905206729543
970.490183328141	-0.015495774318507
970.602019415877	-0.0119741632741151
970.713853236167	-0.00447913234196062
970.825694481299	0.00703007260271378
970.937542090819	0.0185098695571133
971.04939488636	0.00233733819966263
971.161265166157	-0.0138311334623818
971.273134205394	-0.0152776266275939
971.385003439055	-0.00200272832443326
971.496868887653	0.0112745044449715
971.608765605348	0.0120148736643479
971.720674643584	0.0127777707166359
971.832604733965	0.00608565069596737
971.944551752076	-0.00803385596186153
972.056517033271	-0.0221484015377096
972.16846258314	-0.0192667573628714
972.280404368382	-0.0163597757551014
972.392341544267	-0.00771242969507754
972.504269935294	0.00669443928981832
972.616193521228	0.0210779961889781
972.728138082198	0.00641243993161921
972.84008884588	-0.0082435357253068
972.952053921883	-0.0081955001414675
973.064015649047	0.00654996101935579
973.175978018874	0.0212747154174882
973.28792808228	0.0161520480134474
973.399869046475	0.0110042737539309
973.511799024638	0.00207846365221395
973.623713765388	-0.0106516245703308
973.73561719396	-0.0234117495268011
973.847520374178	0.00261597363404302
973.959412805087	0.0286436967948872
974.071302157419	0.0355237849064006
974.183200420516	0.0232288318048206
974.295097827767	0.0109391615022437
974.407003859179	-0.00673391386548836
974.518917261218	-0.0244271951678451
974.630832590239	-0.0226787887376393
974.742750748924	-0.00148810280354486
974.854667224862	0.0196792710448134
974.966576492926	0.022128984725768
975.078481157297	0.0245791289455008
975.190368534358	0.0147202642437904
975.302234856429	-0.00746255349154167
975.414081848573	-0.0296648821746531
975.525923740137	-0.00373130777786714
975.63774770249	0.0222068283878515
975.74956389776	0.0324589951803707
975.861372870237	0.0269977021877656
975.973175082386	0.0215588014280576
976.084982596214	0.00161510027519676
976.196796656687	-0.0183468282646079
976.308625248713	-0.0157278196625736
976.420472115486	0.00943023890583649
976.532341130476	0.0345675692705632
976.644206142632	0.0229064029798624
976.756094848831	0.0112432600260104
976.867978135151	0.000376963432769957
976.979872743078	-0.00971897722378334
977.091765767883	-0.01981488475016
977.203677613835	0.00135585249971487
977.315596300445	0.0225154300783873
977.427508112223	0.0288333185194902
977.539408173309	0.0203337963642763
977.651294216174	0.0118049726711152
977.763201799054	0.00149597563589573
977.875104359449	-0.00880654979660189
977.987015338412	-0.00710444230206867
978.098920623714	0.0065773008274502
978.210827751525	0.0202620731882154
978.322747918036	0.0117267579209012
978.434678761214	0.0031956602582073
978.546617731992	-0.000718235787220906
978.658562101792	5.04549407857531E-05
978.770517241485	0.000795782102204498
978.882453422801	0.00156481765363299
978.994378715503	0.00233446375028629
979.106306779647	-0.00188391154718592
979.218240670853	-0.0111334350076736
979.330183500275	-0.0203547898390274
979.442137605126	-0.0107792023142039
979.554099865998	-0.00123037199977896
979.666069996129	0.00514995635535139
979.778039760844	0.00838663745273484
979.890011741101	0.0116000330745976
980.001994696249	-0.00425662799429395
980.11398392199	-0.0201077196386389
980.225974152323	-0.0213181390789045
980.337953975303	-0.00788921700312831
980.449930820407	0.00554629656535407
980.561921077129	0.00181981366968975
980.67390872523	-0.00188159614387023
980.78589946408	-0.00777075226670097
980.897874829102	-0.0157836861377977
981.009846125609	-0.0238234520927481
981.121820833881	-0.0119902597687465
981.233790151321	-0.000159146041029412
981.345753906481	0.00270545665079981
981.457701665514	-0.0033976034145717
981.569636505999	-0.00950495421167993
981.68156656808	-0.00983210130770545
981.793478388268	-0.0101368866116296
981.905393410648	-0.007549245094925
982.017308570957	-0.00204741292818405
982.129226198907	0.00345345235886341
982.241116634859	0.00289533260030207
982.352996112739	0.00233672179946322
982.464870183558	0.000143856956360052
982.576739097555	-0.00365869857101324
982.688603114965	-0.00748456993583089
982.800470021421	-0.00277221618160427
982.912331397045	0.00191697761049091
983.024190018345	0.000797182017673618
983.13603826308	-0.00618034795375966
983.247879332439	-0.0131603323296274
983.359726325712	-0.00725447352566913
983.471570717064	-0.00134965322337148
983.583420333057	0.00240734211281127
983.695275062163	0.00397041373872808
983.807134796256	0.00553321052352095
983.919010352019	0.00536848076040355
984.030901745213	0.00520338032097659
984.142795408529	0.00629868735625018
984.254696589043	0.00870004321642741
984.366594346883	0.0110790586042258
984.478488787076	0.00975089311191725
984.590366507659	0.00842397490211762
984.702238460262	0.00609260771248543
984.814096750447	0.00273378667096421
984.925938877681	-0.000626270913544348
985.037783851476	-0.00244669275771946
985.149620980913	-0.00424377586030259
985.261463786346	-0.00452344299792603
985.373314891455	-0.00323935539219713
985.48517421647	-0.00193239076005893
985.597028264605	-0.00195589118668965
985.708885136904	-0.00197939573824903
985.820747499136	-0.00141928888346584
985.932609881589	-0.000322725368763691
986.044483014818	0.000773577356451859
986.156358741768	0.00168308033078696
986.268247807401	0.0025688773378442
986.380139452124	0.00193911460806035
986.492039211155	-0.000229270321901503
986.603949921094	-0.00242037352302229
986.715852642621	-0.00176784783237779
986.827758135587	-0.00113852156992977
986.939663650534	-0.00034584099472564
987.051561024058	0.000656724506557545
987.163460994531	0.00163600422043242
987.275358379342	-0.00181479096179332
987.387261499164	-0.00526512338790423
987.499162368604	-0.00694374107657181
987.611066393297	-0.00689711280744215
987.722976277107	-0.0068265704371066
987.834894591598	-0.00484419168551995
987.946821201766	-0.00283920563750802
988.058747884905	-0.00104480586717352
988.170669128995	0.000563261736662464
988.282584822424	0.0021718946570193
988.394495098197	0.000260326503959874
988.506402789926	-0.0016747466649208
988.618302404079	-0.000322555207317325
988.730204422357	0.00429404915809278
988.842103137472	0.00891065352350288
988.953990744043	0.00464460829627739
989.065867525119	0.000377095997165704
989.17773635419	-0.00223585760576294
989.289586494683	-0.00316991500583659
989.40142881303	-0.00412744507644407
989.513257869556	-0.00349785878350837
989.625076322824	-0.0028680509266377
989.736889564812	-0.00272819683219773
989.848694922883	-0.00310208662450913
989.960495126631	-0.0034993973520897
990.072300938545	-0.00293861482870613
990.184106921342	-0.00240128199615728
990.295918487998	-0.00256451384838846
990.407735705713	-0.00347481946344695
990.519553243604	-0.00438535061453844
990.631384834316	-0.00746583510513916
990.743217221409	-0.0105228226148736
990.855069264329	-0.00975000413733473
990.966943313915	-0.00517414024764804
991.078833610549	-0.000602349411281574
991.190785462633	0.00685220320072346
991.302771305484	0.0142936147066526
991.414807205369	0.0167705921669709
991.526893381699	0.0143407592091792
991.639027334986	0.011914756175363
991.751154965333	0.0140056162662623
991.863308565472	0.0160954313176993
991.975453118715	0.0155162880057339
992.087583451532	0.012314864115413
992.199707870382	0.00908772256520364
992.311791354016	0.00790772610852947
992.423844771052	0.00675013101179038
992.535873500468	0.00745129118784753
992.647877425367	0.0100139819508322
992.759864538776	0.0126002018091986
992.871843059835	0.0105987576272055
992.983818497489	0.00857292125690079
993.095774659998	0.00869163866993292
993.207711469413	0.0109091327439266
993.31962616424	0.0131052628672396
993.43152945123	0.0167215750508382
993.543418567227	0.0203140526757325
993.655298955265	0.0214585321027367
993.767168029718	0.0201561394309892
993.879028590701	0.0188532884231882
993.99086727554	0.0146126424074764
994.102689587436	0.0103690114814026
994.214490174217	0.00841099842275925
994.326269044352	0.00876437846257901
994.438026208242	0.00909463719783267
994.549767035535	0.0143565765488293
994.661483436144	0.0196230215069266
994.773186280201	0.0195346434589497
994.884870226893	0.0140884631146478
994.996543393182	0.0086386439736226
995.108235514589	0.0127994122660314
995.21993314964	0.016933866593486
995.331652588224	0.0198966234312313
995.443399329884	0.0216636453827392
995.555165395579	0.0234078150599977
995.666961675741	0.0230239717285746
995.778777456067	0.0226424544536684
995.8904777438	0.0195996375511576
996.001989357799	0.0138589057042118
996.113312108762	0.00809281596259764
996.224500716484	0.0192428129709693
996.33549897903	0.030463192713655
996.446453101588	0.0356281403509734
996.557409140555	0.0347028564399453
996.66837260785	0.0337995497711708
996.779433009312	0.0365811901677678
996.890569193805	0.0393775295782642
997.001751817839	0.0397976096064839
997.112948591918	0.0378981250173807
997.224173064769	0.0359912681222429
997.335427614627	0.0305981601930776
997.446703719847	0.0252085367281748
997.558006522959	0.0218304245959329
997.669333250453	0.020435835469934
997.780683813	0.0190655172033614
997.892058453154	0.0205173069569568
998.003454730479	0.0219680704732554
998.114848715518	0.0241101761336794
998.22621660069	0.0269984720341658
998.33756971892	0.0298882045466088
998.448930357803	0.0333941278889787
998.560274951424	0.0369262384108913
998.671611951597	0.0375955267672279
998.782925050571	0.0354505088463373
998.89421679583	0.0332792461456079
999.005492665801	0.0325832812753129
999.116744620136	0.0318868219753788
999.22801288626	0.029498057299723
999.339318420278	0.0254194328971873
999.450657827095	0.0213472836132833
999.561990991663	0.0227412120424192
999.673353376584	0.0241335003703083
999.784686454859	0.0277535111086875
999.895991618444	0.0335800462189782
1000.00726497806	0.0394394647610474
1000.11852543476	0.0382250542722915
1000.22975945553	0.0370097816299061
1000.34100233202	0.0368207351010422
1000.45225990619	0.0376378224278536
1000.56354073569	0.03845107350706
1000.67481367807	0.0421936266983534
1000.78610165204	0.0459145366984468
1000.89738012724	0.0437561780786951
1001.00863900767	0.0356439417853363
1001.11987884943	0.02754674142402
1001.23112361305	0.0350507653188252
1001.34236768576	0.0425286857945336
1001.45361859544	0.0483307198260732
1001.56487267147	0.0524389360833521
1001.67614525017	0.0565393181462209
1001.78738642847	0.0510829536986566
1001.89862443384	0.0456147938458208
1002.00985334372	0.0431172125607081
1002.12108445626	0.0436190868572918
1002.2323236701	0.0440934223546284
1002.34360771116	0.0403958351043174
1002.45492733641	0.0366989207312488
1002.5663061855	0.0344209716343096
1002.67775760727	0.0335331867246322
1002.78927875433	0.0326708870970034
1002.90088240338	0.0304391784752114
1003.01256510009	0.0282125737924919
1003.12433963919	0.0261982844248335
1003.23621619339	0.0244413719081301
1003.34819142823	0.0226900002180394
1003.46025723945	0.0224257316465736
1003.57242170008	0.0221621410727405
1003.68465039108	0.0234751751880458
1003.79692579016	0.026341368934247
1003.90925738684	0.0292029750432776
1004.02156131174	0.0284262615485658
1004.13387241418	0.0276485851875207
1004.24616471661	0.0295352278465106
1004.35844318317	0.0340665065220436
1004.47070474862	0.0385817516121543
1004.58295879738	0.0351306029091486
1004.69519305058	0.0316557546337505
1004.80742104363	0.0258972108301745
1004.91964161932	0.0178556053335866
1005.03185083485	0.00978770102639921
1005.14409313995	0.0123162064081029
1005.25635091325	0.0148190411449034
1005.36863749928	0.0144388839200162
1005.48095937408	0.0111532895715438
1005.59330950342	0.00787058715410064
1005.70566449216	0.00960313412256387
1005.81804411101	0.01131127207934
1005.9304204414	0.009439244544466
1006.04279338419	0.00393793088272394
1006.15515743232	-0.00156532137287539
1006.26751703044	0.00185431482336075
1006.37987122899	0.00527455353837989
1006.49223394494	0.00609389776900593
1006.60460428163	0.00433640048177653
1006.716984026	0.00255610737784319
1006.82936419393	0.000823407812487505
1006.94174930351	-0.000885876893876886
1007.05414804579	-0.00498216072365262
1007.16655982989	-0.0114145193814476
1007.27898410592	-0.0178412161413579
1007.39139311993	-0.0194800959117134
1007.50380768485	-0.0211407952494335
1007.61620247179	-0.023388306659586
1007.72858154898	-0.0262678584711185
1007.84094633703	-0.0291219569762299
1007.95327736329	-0.030627277346317
1008.06559565711	-0.0321277335637457
1008.17787624222	-0.0339620984522062
1008.29012370262	-0.0361284216051463
1008.40233456798	-0.038296269506099
1008.51447619297	-0.0454066653492014
1008.62656468085	-0.0525002441341101
1008.7385831464	-0.0552136519861504
1008.85053013402	-0.0535188357063249
1008.96240954215	-0.0518213089130879
1009.07415280711	-0.0556631838215962
1009.18579132229	-0.0595192441802222
1009.29728548508	-0.0659727431744886
1009.40863541953	-0.0750102149893783
1009.51983078725	-0.084114042810153
1009.63083720143	-0.0856713848016476
1009.74166622904	-0.0872683711570146
1009.85230851362	-0.0870468957521809
1009.96275518631	-0.0850315890653589
1010.07301888553	-0.0829973726983177
1010.18310575327	-0.0848216818138929
1010.29301390247	-0.0866306946555996
1010.40275513086	-0.0879799497968168
1010.51233331056	-0.0888414511877168
1010.62174964053	-0.0897310972941087
1010.73102466819	-0.0884522711316867
1010.84015188213	-0.0871434955253174
1010.9491296034	-0.0890069010834138
1011.05795310802	-0.0940157853347776
1011.16662332344	-0.0990488544035485
1011.2751527875	-0.0988442680006888
1011.38353510852	-0.0986385582373425
1011.49176914062	-0.100235121949101
1011.59985102959	-0.103647533764746
1011.70777710812	-0.107061800251076
1011.81560613157	-0.104141004018962
1011.92330213677	-0.101219702318685
1012.03089924729	-0.101244662140089
1012.13839121426	-0.104215620953589
1012.2457881429	-0.107162334572008
1012.3531136091	-0.107400103081244
1012.46035877678	-0.107638392487159
1012.56755520509	-0.106813005499067
1012.67471808005	-0.104937109133598
1012.78184087703	-0.103093486353163
1012.88897100216	-0.101368471282136
1012.99608556606	-0.0996519421793268
1013.10321055757	-0.099821895651872
1013.21034266204	-0.101838069505638
1013.31748676803	-0.103880274465948
1013.42466149056	-0.106425275492518
1013.53187206213	-0.10892457899095
1013.63913360711	-0.107737434695428
1013.74646277286	-0.102834872722928
1013.85385706003	-0.0979394530179706
1013.96134844282	-0.100050473044811
1014.06892850914	-0.102181989397089
1014.17660412054	-0.101475656915379
1014.28438372571	-0.0979722221795255
1014.39226210725	-0.0944763921461462
1014.50020952671	-0.0908121387312273
1014.60824196405	-0.0871769518704856
1014.71636556474	-0.0860955192086539
1014.8245930141	-0.087637066098403
1014.93292626017	-0.0891496301978825
1015.04138701065	-0.0867245279874526
1015.14996450038	-0.0843389559668478
1015.25866721691	-0.0828555798045132
1015.36749326721	-0.082295572723146
1015.47644343395	-0.0817370117694141
1015.58557452402	-0.0751326619969241
1015.69485948526	-0.0685776282561865
1015.80437350171	-0.0570755283826489
1015.91413733576	-0.0407311478684217
1016.0241472894	-0.0245220571072425
1016.1344342082	-0.017002285338543
1016.24499648024	-0.00954864999674338
1016.3558619906	-0.00649306711515569
1016.46705305786	-0.00777345165181974
1016.57856780116	-0.00906345852750472
1016.69029493556	-0.0120452514309573
1016.80229556275	-0.0150082835476917
1016.91443978469	-0.0188218126556967
1017.02669277663	-0.0235407337574003
1017.13905745004	-0.0282269338566896
1017.251443854	-0.0265293274268316
1017.36387802882	-0.0248555618833852
1017.47636434203	-0.0230521806389689
1017.58891784586	-0.0211222754781263
1017.70153739903	-0.0191967787282353
1017.81419490068	-0.00879371520179977
1017.92690264849	0.00159834975216201
1018.03967051763	0.0072884763890496
1018.15251404384	0.00830591795683964
1018.26543261449	0.00929678120935133
1018.37838009268	0.00553467018466966
1018.49139120317	0.00177652581518243
1018.60440299164	-0.00106904888168105
1018.71741129479	-0.00302936211653911
1018.8304065596	-0.00499149337078745
1018.94338588883	-0.00466633478872323
1019.05634908041	-0.00434056519535813
1019.16929678824	-0.00536969994573962
1019.28223862232	-0.00775412980365161
1019.39517880621	-0.0101385067304451
1019.50810693881	-0.0107255766360537
1019.62103690083	-0.0113119606084651
1019.73396531133	-0.0102140070329672
1019.84690661373	-0.00747700879758176
1019.95984825063	-0.00471801524880773
1020.07279601277	-0.00532578410510498
1020.18575031148	-0.00595692868664445
1020.2987010677	-0.002871585651684
1020.41164662033	0.00388493536706673
1020.52457452994	0.0106435824916117
1020.63751915023	0.0117852467721871
1020.75045549169	0.0129272442503692
1020.86339769777	0.0119436210144879
1020.9763423715	0.00883523971332456
1021.08928611739	0.00570454577530712
1021.20222747375	0.00801752114742448
1021.31515690969	0.0103080399909841
1021.42807834766	0.00839281204679363
1021.54098757762	0.00224755528148663
1021.65389117415	-0.00389986486533065
1021.76676233671	9.74355909042639E-05
1021.87960933128	0.00409896057906462
1021.99242461808	0.00751873300555613
1022.10520915526	0.0103082414142777
1022.21795580443	0.0131242989654737
1022.3306853574	0.0144388839200162
1022.44339162363	0.0157759794340768
1022.55608674996	0.0136433493721885
1022.66879038864	0.00806356984930853
1022.78149519164	0.00248695787048043
1022.89422202161	0.00365692782611702
1023.00695668676	0.00480308774284666
1023.11971177504	0.00627575310936374
1023.23247539827	0.00807561151861686
1023.34525725767	0.0098736499638972
1023.45803708613	0.00774465361892044
1023.57083236118	0.00563891962787906
1023.68362700081	0.00547476448450698
1023.79641991658	0.00727501216160844
1023.90920464413	0.00905267669643887
1024.02197091294	0.00821309680484816
1024.1347219383	0.00737307308912838
1024.24744165357	0.00718908322828892
1024.36012435863	0.007708734184836
1024.47277514985	0.00822829987199371
1024.5853927847	0.00581743166120061
1024.69797870932	0.0034044373680437
1024.81055709601	0.00359237019926309
1024.92312628253	0.00638284438932663
1025.03569542171	0.00914857033206386
1025.14826773993	0.00827953887382909
1025.26085186965	0.00738672301324493
1025.37343940845	0.00792439028583855
1025.48603998553	0.00991361123825784
1025.59864167032	0.0118794059876488
1025.7112663718	0.0113590938878982
1025.82390362041	0.0108392387286546
1025.93655128598	0.00990052367616711
1026.04921556851	0.00854128164587314
1026.16189188372	0.00715937308202339
1026.27458485194	0.00851264523827876
1026.38729099234	0.00988833198663226
1026.50000761122	0.00990908374393792
1026.6127327915	0.0085759788123959
1026.7254672943	0.00726669585213826
1026.83821922254	0.00726413985643093
1026.95098317595	0.00728492189857842
1027.0637644947	0.00739900281266707
1027.17655227754	0.00760762150547646
1027.2893571938	0.00783879800323547
1027.40217571128	0.00932788521438221
1027.51501240028	0.0108149751164272
1027.62782954987	0.0107469640521675
1027.74061727865	0.00914542285195929
1027.85337920789	0.0075176277726615
1027.9661015618	0.00805857511704524
1028.07878946012	0.0085759788123959
1028.19144293892	0.0085330170411535
1028.30406506875	0.0078821942828996
1028.41665622024	0.00723079775301634
1028.52924756025	0.00945183264675802
1028.6418216918	0.0116724765454499
1028.7543888174	0.0127949064223642
1028.86695166203	0.0127949064223642
1028.97950755447	0.0127949064223642
